카페 장소,지역
퍼피커피,서울
바잇미 신사점,서울
카페드노보,서울
카페아리네,서울
헤이더그린,서울
무네,서울
인솔커피 상수점,서울
카페프레임 (cafeframe),서울
히든테이블,서울
네이버후드,서울
미미에토,서울
어라운드데이,서울
쓰리버즈 IFC점,서울
카페스토리,서울
홀드더도어,서울
딥다이브 DEEP DIVE,서울
개뿔,서울
포니테일 pawnytail cafe & shop,서울
어반플레이스,서울
할리스커피 공덕경의선숲길점,서울
플랜트202,서울
카페바잇미 연남,서울
스웨이 커피 스테이션,서울
3 Birds,서울
사랑봄,서울
앤드테라스 내유점,서울
메이비,서울
스태픽스,서울
무대륙,서울
커피냅로스터스 연남동,서울
드도트,서울
요새,서울
Serendipity 세렌디피티,서울
연남장,서울
코코샌드,서울
인더매스 마장,서울
사루,서울
사직커피,서울
수수카페,서울
문화식당 성북동,서울
트윈트리,서울
카페무르,서울
앵두나무 카페,서울
슬로우포레스트,서울
양조주택,서울
카페스토리,경기
별똥구리,경기
도그맥스,경기
어반밸리,경기
달달이,경기
엠블럭,경기
그린그린그린,경기
몽쥬이에,경기
코코밸리더하우스,경기
Groundstuff,경기
어쓰120,경기
핑크몽코티지,경기
카페모안,경기
느린정원,경기
그린노트,경기
아띠375,경기
소피아작업실,경기
카페돌체네,경기
엔드앤드,경기
카페 두루두루,경기
카페 휘바,경기
Rad,경기
커피와일드,경기
아프리코(AFRIKO),경기
로즈가든카페,경기
요새,경기
달의정원,경기
그린그라스,경기
농업회사법인그라운드스터프(주),경기
코코애견카페,경기
카페 그라운드,경기
수수카페,경기
BON9,인천
카페알로라 CafeAllora,인천
카페홀리(CAFEHOLLY),인천
"카페,노트",인천
카페더큰나무,인천
개떼놀이터 마약석쇠불고기,인천
카페건,인천
뻘다방,인천
꼰디오스,인천
잎새달스무날,인천
모니모니,인천
스폰타니티,인천
희소식,인천
돔바니,인천
스윗유,인천
솔,인천
단우물카페,강원
J카페,강원
38degree,강원
유알마인,강원
홍시,강원
달콤한게으름,강원
바다정원,강원
보사노바 커피 로스터스 강릉점,강원
아라커피,강원
카페 나바지오,강원
보사노바 삼척점,강원
카페 감자밭,강원
카페마카,강원
쏠티캐빈 양양점,강원
헬로우씨카페,강원
칠성조선소,강원
글라스하우스,강원
tail coffee,강원
드레,강원
라딧프로젝트,강원
태시트,강원
바잇미 신사점,강원
카페드노보,강원
퍼피커피,강원
비퍼센트,강원
로얄트리펜션,강원
세컨브레스 SECOND BREATH,강원
슬로우포레스트,강원
헬로피스,강원
부머스,강원
인솔커피 상수점,강원
192센티미터,강원
Cafe Docking,강원
테라스의아침,강원
네이버후드,강원
메이킷카페,강원
나인원펜션,강원
세인트존스호텔,강원
어라운드데이,강원
뮌스터담,강원
카페모안,충북
도펠하우스,충북
그리너리,충북
카페 쿠데타,충북
카페호반풍경,충북
아트빈(artbean),충북
DOG CAFE,충북
어반플레이스,충북
계동다방,충북
유알마인,충북
느린정원,충북
카페 에클로그,충북
달달이,충북
카페민들레,충북
AMP,충북
루파니캠핑장,충북
카페스토리,충북
숲21길,충북
별똥구리,충북
카페홀리(CAFEHOLLY),충북
엠아르,충북
카페 담,충북
cafe phyton,충북
뷰포인트,충북
Rad,충북
앵두나무 카페,충북
원보틀 (One Bottle),충북
소피아작업실,충북
꿈이있는카페,충북
수수카페,충북
엔드앤드,충북
CAFE infull,충남
도펠하우스,충남
개떼놀이터 천안아산점,충남
홍담,충남
트레블 브레이크 커피,충남
안성맞춤 포시즌 애견테마파크,충남
피노카페,충남
Cafe858,충남
카페용담,충남
카페 쿠데타,충남
커피사네,충남
카페모안,충남
코랄커피,충남
카페드하리,충남
고복저택,충남
DOG CAFE,충남
카페노을,충남
그루그루,충남
AMP,충남
간양길카페,충남
정다운아지트,충남
카페피어라,충남
숲21길,충남
카페목천,충남
달달이,충남
WOO'Z,충남
땡큐한,충남
카페모월,충남
풍세커피,충남
카페홀리(CAFEHOLLY),충남
원보틀 (One Bottle),충남
카페 담,충남
별똥구리,충남
소피아작업실,충남
cafe phyton,충남
Rad,충남
꿈이있는카페,충남
사색의 길,충남
엔드앤드,충남
클래식샵,대전
그루그루,대전
라노보용전점,대전
드르쿰다From제주,대전
컨사이스,대전
점선면,대전
비래키키,대전
데미재,대전
풍차,대전
언네임드커피브루어리,대전
시은우,대전
cafe 713,대전
카페루나,대전
리케리케(LikeLike),대전
오스트리아 빈,대전
미카엘라,대전
유람,대전
라드커피 상대점,대전
카페(CAFE)1253,세종
고복저택,세종
카페용담,세종
CAFE infull,세종
넘버트웰브(Number Twelve),세종
카페댕,세종
오브제 카페 고호,세종
좋은아침페스츄리 세종테라스점,세종
에이커,세종
팔랑개비,전북
몽상블,전북
판갤러리,전북
허니비,전북
Arrive 어라이브,전북
카페에스더,전북
"Cafe, place64",전북
까망감 브런치카페,전북
카페아리아,전북
카페스토리,전북
유알마인,전북
코랄커피,전북
고복저택,전북
카페 일다,전남
산동교카페,전남
카페명지,전남
카페아리아,전남
구수리카페,전남
꾸르커피,전남
구름이,전남
카페작금,전남
까망감 브런치카페,전남
바우하우스,전남
밀크레페,전남
카페하녹,전남
니즈커피,전남
향교길20,전남
몽상블,전남
팔랑개비,전남
프리어,전남
무등산 전망대,전남
오차현,전남
카페태백산맥,전남
cafe3535.1,전남
카페 호나,전남
미스박커피,전남
11월4일 애견동반카페,전남
카페아리아,광주
꾸르커피,광주
카페 일다,광주
산동교카페,광주
구름이,광주
블랑주리,광주
무등산 전망대,광주
프리어,광주
데이오프나이트,광주
닥터찰스,광주
카페굴리엘모커피송정공원역점,광주
슬로우무드,광주
딸고라떼,광주
산수커피,광주
팔랑개비,광주
카페아리아,광주
꾸르커피,광주
카페 일다,광주
산동교카페,광주
구름이,광주
블랑주리,광주
무등산 전망대,광주
프리어,광주
데이오프나이트,광주
닥터찰스,광주
카페굴리엘모커피송정공원역점,광주
슬로우무드,광주
딸고라떼,광주
산수커피,광주
팔랑개비,광주
도기온애견카페,경북
이이로 커피,경북
오던,경북
재미,경북
셀 파파(Sel papa),경북
할리독,경북
리베볼 -Liebevoll,경북
카페월든,경북
경주 블리스커피,경북
몽펍피,경북
포즈 카페,경북
오브제토(objeto),경북
시크릿가든,경북
카페휘게,경북
페이지38,경북
카페인가든,경북
11월4일 애견동반카페,경북
카페 아오라 Ahora,경북
알티테라스,경북
텐빌리언,경북
트리팜,경북
오후애,경북
카페괘릉,경북
프로다카페,경북
어반플레이스,경북
파인커피,경북
카페모안,경북
쏠쏠한커피,경북
카페 페리토,경북
카페 메나쥬(Menage),경북
빌스4339,경북
피터펫카페 부산본점,경북
에이300,경북
곳,경북
느린정원,경북
page38,경북
플랜트202,경북
카페스토리,경북
유알마인,경북
카페포토피아,경북
오드이븐 기장점,경북
뷰포인트,경북
25디셈브리스,경남
로앙,경남
플로라620,경남
산타페 카페,경남
봄여름가을겨울펜션&카페,경남
카페 페리토,경남
포레스트 3002,경남
카페이소,경남
블랙문,경남
AVE.1465,경남
카페누베,경남
카페 러마프,경남
엘룬,경남
SS Coffee,경남
카페산청요,경남
펠리스feliz Cafe,경남
오드이븐 기장점,경남
카페 메나쥬(Menage),경남
느린토끼(슬로우래빗),경남
피터펫카페 부산본점,경남
썬업 다이브,경남
셀 파파(Sel papa),경남
어웨일카페펍,경남
리스모어(LISMORE),경남
커피카벨 / Cafe KAVEL,경남
카페월든,경남
카페아띠랑,경남
일레븐 다대점,경남
몽펍피,경남
허브팜민들레울,경남
은율당,경남
꼼마제빵소,경남
이이로 커피,경남
오던,경남
카페0732,경남
엘룬,경남
노지스탠드커피,경남
토곡요(土谷窯),경남
기장 농띠,경남
카페 그랑시&오감쌀롱 퓨전술집,경남
카페 에요 (CAFE EYO),경남
Planet 1020,경남
몽펍피,대구
셀 파파(Sel papa),대구
텐빌리언,대구
트리팜,대구
곳,대구
디어밸리,대구
카페부바스 두산점(본점),대구
시크릿가든,대구
오가닉모가,대구
오던,대구
자연충만,대구
피플스커피,대구
위드모데스티,대구
카페공가,대구
더디퍼,대구
커피스미스 대구수성레이크점,대구
161 COFFEE STUDIO,대구
재미,대구
마타마타,대구
오데뜨 대구점,대구
카페월든,대구
피그스토리 대구점,대구
달송,대구
롤링핀 수성못점,대구
여리식당,대구
탑골식당,대구
돼지30,대구
카페이소,울산
오뉴월,울산
카페0732,울산
Gate42,울산
코너104,울산
카몬시 카페,울산
카페 벼리,울산
시선310 간절곶점,울산
카페 수피아,울산
히든블루,울산
은린,울산
25디셈브리스,울산
페이퍼숲,울산
11월4일 애견동반카페,울산
루트117,울산
카페 휴아트,울산
카페 호나,제주
cafe3535.1,제주
다프네,제주
카페BB,제주
푸르곤,제주
차차신창,제주
씨사이드,제주
멍우주카페,제주
레몬일레븐,제주
라이터스블럭,제주
볕이드는곳벧디,제주
요우르 YOOR,제주
솔루나카페&펍,제주
심바커피 심바카레,제주
로스트 앤 헤븐,제주
오데뜨,제주
그초록,제주
11월4일 애견동반카페,부산
카페 러마프,부산
피터펫카페 부산본점,부산
굳데이,부산
팜카페,부산
엘룬,부산
커피카벨 / Cafe KAVEL,부산
포레스트 3002,부산
썬업 다이브,부산
카페누베,부산
AVE.1465,부산
카페드220볼트 부산본점,부산
오픈하우스가든,부산
스윗패턴즈(SWEETPATTERNS),부산
GAB148,부산
모치플레지르,부산
카페 기록,부산
카페 동백,부산
