카페히릿,서울
더귀여워,서울
겨울이머무는집,서울
카페더왈츠,서울
애니멀고파크 삼성점,서울
혼자두면 장판뜯어서차린 개카페,서울
강아지똥,서울
도그존,서울
구름뜬하늘,서울
봉브라더스,서울
두젠틀,서울
카카오독애견카페 목동점,서울
포니테일,서울
써니네,서울
반려문화,서울
숲속앵두나무카페,서울
스테이지28 웁시데이지,서울
OMW애견카페,서울
견우,서울
카페어질리티,서울
도니바니애견카페,서울
독특하개,서울
차르도르&펫살롱,서울
다독인더시티,서울
입양뜰,서울
미스터토리,서울
멍멍벅스,서울
동건S애견카페,서울
두젠틀 강남점,서울
지디파크,서울
킨더독,서울
카페멍 목동점,서울
카페펫토리얼,서울
커멍커멍,서울
왓더독,서울
똥강아지카페,서울
펫다이닝 맘마,서울
개상전애견카페,서울
뭉스벨리,서울
전설의강아지,서울
쥬쥬펫,서울
카페곳,서울
포포앤미루 강동점,서울
루프독1027,서울
홍대동물원,서울
피터팻츠,경기
네이처독,경기
그라운독,경기
오도독,경기
개들의수다,경기
루체인알티스,경기
아루스,경기
도그맥스,경기
푼타하우스,경기
펖파크,경기
카페몽몽,경기
코코밸리,경기
바로나도 수원영통점,경기
카페아웃팅,경기
안녕아가,경기
카페마리,경기
비숲,경기
견생역전,경기
우프우프,경기
개떼놀이터 용인점,경기
독스아웃,경기
위드독애견카페,경기
언니네애견카페,경기
애견카페왈,경기
카페도기,경기
뽀야네딩가댕가,경기
꾸꾸뚜뚜,경기
똥강아지,경기
뽀독 소사점,경기
안성맞춤 포시즌애견테마파크,경기
몽드드뚜뚜,경기
리블링코코,경기
스타독스,경기
모찌네호캉스,경기
독플래닛,경기
카페제이독,경기
온사이드카페,경기
봉봉,경기
파라다이스독,경기
그린그린그린,경기
플러피펍,경기
카페댕스,경기
밥앤독,경기
펫스토리카페,경기
브래댄트릿츠 댕댕이라운지 (휴업중),경기
우프우프 영종점,인천
인천개공원,인천
흐노니,인천
다남숲멍빌리지,인천
카페라봉,인천
마이달링독,인천
러브독,인천
하비파크,인천
펫톡 부평문화점,인천
개떼놀이터 인천점,인천
러블리독,인천
스퀘어독스,인천
봉봉애견카페,인천
강화애견카페몬테,인천
어스독 인천점,인천
리틀독애견카페,인천
엘빈,인천
멍글팩토리,인천
도그의 하루,인천
멍집사,인천
누닝,인천
가이아의정원,인천
도로시지켜줄개,인천
칸지독,인천
언더독cafe&school,인천
신나개놀개,인천
이야,인천
커멍베이비,인천
주스주스,인천
카페휴개,인천
도그랑차차,인천
파파독,인천
와우바우 애견카페,인천
쿠쿠네애견카페,인천
개인생활펫,인천
몽몽드,인천
개이득,인천
댕댕이카페,인천
개떼라떼,인천
베스트프렌독,인천
도그아지트,인천
펫라이프 갤러리카페,인천
뛰뛰강아지놀이터,인천
멍냥놀이터,인천
펫샾카페,인천
도그스테이블,강원
화이트클라우드,강원
아기사자,강원
히포코코,강원
어도러블독,강원
코코네,강원
발바닥,강원
왈왈이 무실점,강원
용산559,강원
퍼피쿵,강원
댕댕클럽,강원
삐삐라떼,강원
나나독,강원
코코랑,강원
개들의왕국,강원
도그라운드,강원
더베이커스더즌,강원
위드독,강원
까페아지트,강원
파인독,강원
젠틀독,강원
둥개둥개,강원
준독라운지,강원
개버랜드,강원
멍스테이션,강원
저스트도그,강원
해피주동물카페 강릉점,강원
펫타운애견카페,강원
몽글몽글애견카페,강원
바다를사랑한용감한고양이네,강원
개맘대로,강원
덕구빼꼼,강원
리버팰리스멍멍이카페,강원
도그커피,강원
솜밤,강원
멍뭉이,강원
꽃개,강원
아담&펫,강원
애견카페,강원
헬로우댕댕,강원
펀독,강원
카페독스,강원
공주애견,강원
펫타운애견백화점,강원
개프탑라운지,충북
그루밍,충북
개꿈,충북
달이,충북
댕그라운드,충북
호텔멍,충북
아이러브퍼피 청주점,충북
놀개,충북
애견호텔1번가,충북
돌봄,충북
눈이 부시개,충북
견궁,충북
38.5독,충북
펫크닉,충북
강아지트,충북
어테일,충북
스타펫미팅,충북
에버독카페,충북
플레이그라운드,충북
애견호텔 나무야,충북
아이조아펫파크 충주점,충북
디어독,충북
개꿈 율량점,충북
행복한강아지,충북
러블링펫카페,충북
홀릭펫,충북
쓰담쓰담,충북
모여봐요멍멍이숲,충북
발라당눕스,충북
플란다스의개,충북
레드하우스,충북
GOODOG,충북
어메이트,충북
퍼피프렌즈,충북
모모의여름,충북
카페도그,충북
봄놀다,충북
잭슨이네 개스트하우스,충북
투개더 애견동반카페,충북
서촌동댕번지,충북
구독,충북
조이퍼피,충북
컨츄리멍멍,충북
베스트하우스펫,충북
카페댕,충남
개떼놀이터 천안아산점,충남
꽃분이네애견카페,충남
잇츠독,충남
카페니니니,충남
미뇽,충남
아시나요,충남
바라겔,충남
날아라멍멍,충남
카페애견,충남
개인공간,충남
댕댕아리,충남
돌봄 불당점,충남
카페유대,충남
코지그라운드,충남
킹스독,충남
디어마이아지,충남
코코블리 애견운동장,충남
이누인,충남
도그홀릭,충남
개뜰날라운지,충남
한국반려동물협동조합,충남
달려라멍멍,충남
디에스,충남
파밀리에 애견호텔&카페,충남
댕버랜드,충남
프로방스,충남
똑똑애견카페,충남
이웃집레옹,충남
개스트하우스,충남
빙고애견카페,충남
리츠펫 호수공원점,충남
인도그,충남
파트라슈애견카페,충남
멍카페유,충남
키워보리,충남
퍼피플레이스,충남
별빛가득한뜰,충남
카페어썸,충남
펫츠라이프,충남
더멍멍,충남
도니독 아산점,충남
통이네다방,충남
수담,충남
오도그,충남
헤이독 대전점,대전
강아지왈츠,대전
몽그라운드카페,대전
도그하우스,대전
돌봄애견카페,대전
코이이누,대전
피터펫카페 대전점,대전
루카의하루,대전
와동245,대전
댕라운지,대전
바르다펫 대전점,대전
퍼피스그린,대전
개인취향,대전
알프하임 라라빌리지,대전
애견의품격,대전
이스펫셜,대전
모로로,대전
애견카페뭉,대전
마리몽,대전
루프탑독,대전
개린이날,대전
몽개몽개,대전
꿈,대전
망고쿠로,대전
뚜드림 대전점,대전
놀자멍애견,대전
숲속에댕댕이,대전
파인댕츄,대전
바투,세종
레인바우 세종점,세종
딩동댕동,세종
레인바우 세종연서점,세종
하늘뜰애,세종
도그랜드,세종
양옹천국,세종
토어리퍼피,세종
헤이독청주,세종
쿠치로,전북
독타곤,전북
판갤러리,전북
호두마루애견카페,전북
아프리카,전북
유앤독,전북
루이야학교가자,전북
무이사회,전북
강선생,전북
스타디움오브독스,전북
챔피언켄넬,전북
리틀포레스트,전북
어썸블독,전북
해쉬,전북
개토피아,전북
휴개소,전북
리츠펫 기승전견,전북
다독다독애견카페,전북
몽빌리지,전북
카페 커멍,전북
카페드숑,전북
아담하개,전북
댕꼬,전북
포롱도그 전주점,전북
몽들,전북
호산나애견카페&스쿨 혁신점,전북
카페아지,전북
개린이놀이터,전북
굿독,전북
몽글몽글,전북
카페멍,전북
워킹독애견카페,전북
보니또펫,전북
나와놀개,전북
핫도그,전북
펫즈,전북
힙독애견카페,전북
카페153블레스,전북
퍼니하우스,전남
독앤트리,전남
카페더필드,전남
댕글댕글,전남
코코독스애견카페,전남
똥꼬발랄,전남
개스트,전남
멍토피아,전남
개편한세상,전남
펫몽드카페드봉,전남
숲애견카페,전남
하이멍애견카페,전남
웅천애견카페,전남
잘놀개잘살개,전남
우다다펫카페,전남
곰발이네,전남
도무스,전남
러브인도그,전남
휴식애견카페,전남
프리멍,전남
도그파파&카페일루이스,전남
브릴랑시앙,전남
더펫애견카페,전남
강아지숲,전남
랑독,전남
전망좋은바다,전남
멍멍이애견카페,전남
스퀘어독스 롯데남악점,전남
개차반,전남
개복당,전남
개구쟁이차세대반려견,전남
카페해남,전남
펍희제과점,전남
야옹아멍멍해봐 신대점,전남
카페1221,전남
아잉독,전남
위스테리아(다도관광농원),전남
개구쟁이,광주
빈티지399,광주
독크루,광주
독크루 서구점,광주
동몽식탁,광주
펀앤독,광주
꾸루꾸루,광주
큐독,광주
아띠멍멍,광주
눈보뛰,광주
버디독,광주
크흥강아지카페,광주
개이트,광주
오독,광주
데일리펫,광주
개밥주는여자,광주
독크루 북구점,광주
파크독,광주
바운스독카페,광주
독크루 첨단점,광주
라독,광주
멍뜰리에,광주
헬로멍,광주
디비디비,광주
소유펫,광주
인디퍼피,광주
빌리지도그,광주
카페구름이,광주
수와래애니멀,광주
펫마켓 애견카페,광주
카페멍무,광주
도도스푼,광주
멍,광주
홍,광주
놀러와와애견카페,광주
애니멀고파크 광주점,광주
멍라운지,광주
아띠와나,광주
데얼독스,광주
카페와우와우,광주
도기온,경북
컴페니언,경북
트레인독,경북
멍마르뜨,경북
미스터멍,경북
메종드댕댕,경북
개놀자,경북
도그휴,경북
퍼스펫파크,경북
코코앤잭슨,경북
펫카페37.5,경북
앙독스,경북
할리독,경북
뽀도독,경북
놀다가개,경북
아지트,경북
도그락,경북
ppbp,경북
태담이네하우스,경북
마오네 문덕점,경북
피플앤퍼피,경북
리츠펫 청도점,경북
퍼니퍼피,경북
위위,경북
도담카페,경북
도기랜드애견카페,경북
다녀오개,경북
오렌지애견카페,경북
에멍쁘아,경북
리버독,경북
미쓰앤독,경북
개판,경북
개드레날린휴개소,경북
몽블리애견카페,경북
윔브리즈,경북
카페마음,경북
개놀자까페,경북
라라독스,경북
독도애견카페,경북
비바도기,경북
이리오개,경북
나함카페,경북
어도러블멍이,경북
25디셈브리스,경남
멍프리,경남
아이러브퍼피 양산점,경남
개리비안비치,경남
아웃독,경남
카페또또,경남
몽스홀릭,경남
마운틴독,경남
유포리아,경남
애견까페포,경남
펫토피아,경남
장재로167,경남
멍아일랜드,경남
댕댕이애견카페,경남
신세개,경남
노아의방주,경남
퍼피&도그애견카페,경남
벨르시앙,경남
그루밍카페 1987,경남
카페세븐,경남
퍼스펫파크 양산점,경남
멍스타그램 1호점,경남
맨앤독 김해내외본점,경남
러브앤독 진해점,경남
달려라벤지,경남
빅독,경남
Pet Playground 놀터,경남
소풍,경남
멍파파,경남
PUPsory 애견카페,경남
라라퍼피,경남
안다미로,경남
레인보우불스,경남
아이언독,경남
퍼피랜드 거제점,경남
퀘렌시아,경남
마이리틀메이트,경남
포둥포둥,경남
펫샵개스트하우스,경남
카페 놈,경남
왈왈,경남
코모네펫하우스,경남
퍼피랜드,경남
루나카페,경남
커멍,경남
캣독,대구
덕수네애견 동성로직영점,대구
보키네강아지,대구
푸댕,대구
퍼피80,대구
발넷이야,대구
멍뭉,대구
멍리버,대구
안지아로,대구
젠틀펫,대구
파르크우록,대구
멍뭉몽,대구
개들래미,대구
커피멍,대구
몽구네애견카페,대구
바바빈,대구
아이조아 펫파크 대구점,대구
두류댕댕,대구
프리독,대구
바람구름,대구
고봉언덕,대구
동그라운드,대구
도그플레이스,대구
신세댕,대구
아지터,대구
유아독존,대구
이리와,대구
펫타임,대구
작은개,대구
내개도 사랑이,대구
멍분의멍,대구
홀리몰리,대구
반려동물과함께,대구
셀파파,대구
모모,대구
개린이보호구역,대구
빵댕이애견카페,대구
몽퍼센트,대구
빌리브인시바스쿨,대구
아이러브독도,대구
보니타디 라쿤 애견카페,대구
와따멍,대구
레스트펫,울산
딩가딩가,울산
케어메이트,울산
개꿀잼,울산
바다독차지,울산
도그파우,울산
펫빌리지애견카페 본점,울산
너와함께할개,울산
겟프리,울산
모들카페,울산
멍숲,울산
플레이그라운독,울산
멍클라쓰,울산
단테,울산
퍼피마마,울산
라떼애견카페,울산
카페멍데이,울산
멍쉘,울산
헤이독,울산
먹골댕댕이,울산
빠스통포레,울산
바비큐 천국 애견카페,울산
강아지테마파크,울산
코코마또플레이그라운드,울산
카페더독,울산
휴독,울산
도그킹,울산
개들의세상,울산
카페미밍코 롯데백화점 울산점,울산
하프문,울산
야후독애견카페,울산
개집,울산
코코마또,울산
J&스미스,울산
멈머즈,울산
멍필드 애견카페&호텔,울산
도그민,부산
덕수네,부산
피터펫애견카페 부산본점,부산
도그어바웃,부산
애코랜드,부산
모어스테이,부산
개팔자뭐있니,부산
개판5분전,부산
덕수네애견카페 광복로점,부산
스포독,부산
하이멍 애견카페,부산
덕수네애견카페 경성대점,부산
부산애견카페122,부산
양이양이,부산
개톡,부산
덕수네애견카페 부산대점,부산
하오쿠,부산
애니펫애견카페,부산
우다다애견카페,부산
탁이네반려견카페,부산
커멍도그,부산
썬업다이브,부산
피터펫애견카페 부산북구점,부산
소온,부산
카페 아콤파니,부산
코리하우스,부산
마이펫의 이중생활,부산
피터펫카페 가덕천성항점,부산
러스틱라운지,부산
컴피,부산
어라운드펫 정관신도시점,부산
펫그라운드,부산
부추,부산
개올나잇,부산
달콤하개 광안리점,부산
마리네쿡,부산
니가온날,부산
유독,부산
나인독스,부산
오마이구미,부산
헤이도기,부산
슈슈퍼피,부산
멍카페,부산
테리몽하우스,부산
퍼펫,제주
펫다방,제주
도그헤븐,제주
오멍가멍,제주
카이터스,제주
도그모루,제주
몽스파 본점,제주
달래애견카페,제주
놀멍쉬멍고르멍,제주
개떼목장,제주
개판오분전,제주
그루밍제주,제주
러블리독스,제주
카페왈 사계점,제주
쁘띠레브,제주
별애별개,제주
앙앙,제주
펫소풍,제주
애니멀고파크 제주신화월드점,제주
마이리틀펫,제주
개다방,제주
다같이애견카페,제주
카페 요람,제주
델루나쥬쥬,제주
제주애견카페왈 구억점,제주
요기개,제주
개스토랑,제주
비만고양이,제주
