호텔카푸치노,서울
아나호텔,서울
디노호텔,서울
본뉘펜트하우스,서울
위드멍애견동반펜션,경기
플럼애견동반펜션,경기
아트애견동반펜션,경기
하루강아지애견펜션,경기
위드독애견펜션,경기
보니하니애견펜션,경기
앤드퍼피애견펜션,경기
퀸스타운애견펜션,경기
하이몽애견펜션,경기
땡큐도그애견펜션,경기
까망봉다리애견펜션,경기
펫밀리애견펜션,경기
엘리스산장애견펜션,경기
리몽애견펜션,경기
또오개애견펜션,경기
부엉이애견펜션,경기
아임버디 애견펜션,경기
더블스테이또또멍애견펜션,경기
퐁당애견펜션,경기
동반 풀빌라펜션,경기
가평2PM애견펜션,경기
더뮤즈애견펜션,경기
펫티움애견펜션,경기
루나브릭빌리지 애견독채펜션,경기
애견카페 리버뷰펜션,경기
강여울애견펜션,경기
올덴펜션,경기
산울림한옥펜션,경기
양평팰리스펜션,경기
연리지펜션,경기
펜션아트시티투,경기
산천펜션,경기
더마을펜션,경기
에코피아펜션,경기
그레이캐슬펜션,경기
산타마리아펜션,경기
까치섬펜션,경기
델라고펜션,경기
포도향기펜션,경기
밸런스독펜션&스쿨,경기
쓰담쓰담펜션,경기
바코드펜션,경기
꿈에그린펜션,경기
드림펜션,경기
나래펜션,경기
토마토애견동반펜션,인천
로만티카 애견펜션,인천
석모도박정아펜션,인천
장구너머펜션,인천
대명펜션,인천
에버뷰펜션,인천
종이학펜션,인천
블루오션펜션,인천
측도펜션,인천
뷰나인펜션,인천
화이트펜션,인천
옥타곤펜션,인천
해마루펜션,인천
해둥실펜션,인천
터펜션,인천
솔잎향펜션,인천
라르고펜션,인천
석모도 풍차마을펜션,인천
청호1박2일펜션,인천
로마스파펜션,인천
바다네펜션,인천
소나무펜션,인천
고벵이펜션,인천
노을앤바다 오션뷰펜션,인천
서해의아침햇살펜션,인천
스테이독펜션,인천
투유펜션,인천
올라펜션,인천
벤지펜션,인천
이한펜션,인천
아우라펜션,인천
리틀미코노스,인천
씨엘블루,인천
비치힐뷰하우스,인천
마리원관광농원캠핑장,인천
글램독,인천
아리랑힐호텔&리조트,인천
러블리펫108,인천
롱비치하우스,인천
어나더153,인천
로맨틱큐브 B동,인천
미리내펫하우스,인천
위플독,인천
가을이네민박,인천
리니스하우스,인천
물내음솔내음 애견동반펜션,강원
경포코지펜션 애견동반,강원
펫티움애견펜션,강원
애견펜션프렌즈,강원
파인힐애견펜션,강원
코코애견펜션,강원
아지트애견펜션,강원
초콜릿독채애견펜션,강원
엘페로 애견리조트&펜션,강원
정원가든애견펜션,강원
양양 글램독 애견펜션,강원
경포딩가애견펜션,강원
발렌타인애견펜션,강원
유비캐슬애견펜션,강원
폴라베어 애견펜션,강원
바다빛무지개펜션,강원
설악비치펜션,강원
올리브펜션,강원
아쇼카펜션 A동,강원
아띠랑스스파펜션,강원
생각속의집펜션&글램핑,강원
플로라펜션,강원
내린천아름펜션,강원
어린왕자펜션,강원
펜션벨라루나,강원
비놀리안펜션,강원
나인원펜션,강원
프로방스펜션,강원
토마토펜션,강원
쏠리오펜션,강원
해피몽펜션,강원
어달하늘펜션,강원
케렌시아펜션,강원
삼척펜션오라,강원
하모니펜션,강원
사람과자연펜션,강원
리버팰리스펜션,강원
핀란드하우스펜션,강원
강촌W펜션,강원
펜션아이리스,강원
산애가펜션,강원
은진펜션,강원
잠빌펜션,강원
하버빌펜션,강원
해마루펜션,강원
빌라독애견펜션,충북
아이힐펜션,충북
단양피엔피펜션,충북
어반네이처펜션,충북
주얼리펜션,충북
강변오토캠핑장,충북
고구마,충북
숲속의호수,충북
덕동계곡오토캠핑장,충북
펫트리파크,충북
달재오토캠핑장,충북
하늘아래별천지,충북
띵독,충북
개버랜드,충북
이쁘개즐겁개,충북
해바라기애견펜션,충남
꼰띠고애견펜션,충남
애견펜션 돌봄,충남
개스타 애견펜션,충남
퍼피21애견펜션,충남
로뎀애견펜션,충남
안면도퍼피스테이 온수수영장애견펜션,충남
핫도그애견펜션,충남
라온애견펜션,충남
꽃지통나무애견복층펜션,충남
더놀자 애견펜션,충남
안면애견펜션프리독,충남
평생사랑해줄개애견팬션,충남
민어도펜션,충남
라온빌리지펜션,충남
태안별빛펜션,충남
햇빛바다관광펜션,충남
하늬바람펜션,충남
어울림펜션,충남
라포레 애견캠핑장,충남
파라독스펜션,충남
라루나펜션,충남
썬블루펜션,충남
솔푸른향기펜션,충남
휴펜션,충남
시드니펜션,충남
바다마루펜션,충남
아름다운펜션,충남
대천드림펜션,충남
슈가몽펜션,충남
골든코스트펜션,충남
바다정원펜션,충남
산타페펜션,충남
더마루펜션,충남
골드독펜션,충남
데트르펜션,충남
천안프렌즈애견풀빌라빌리지,충남
별바다펜션,충남
애봉이네펜션,충남
노라부러펜션,충남
하늘N펜션,충남
골드오션펜션,충남
산해로펜션,충남
풀하우스펜션,충남
시간여행펜션,충남
장태산휴펜션,대전
캠프향기,대전
고구마,세종
꼴게스트하우스,전북
옥정호산호수펜션,전북
잉카펜션,전북
무주백암산장펜션,전북
반딧불이펜션,전북
루마인펜션,전북
산책펜션,전북
이수펜션,전북
전주독채펜션 더키나,전북
고창29펜션,전북
나무206펜션,전북
라비치펜션,전북
섬진강마실휴양숙박시설단지,전북
에비뉴호텔,전북
망주봉산장,전북
델루나,전북
문리버,전북
큰황골가든,전북
벼리채,전북
랑랑&랑개,전북
디어마이펫,전북
조이원,전북
참다원,전북
남쪽나라애견펜션,전남
뉴리베라펜션,전남
느낌스파펜션,전남
씨앤블루키즈가족오션뷰펜션,전남
안단테스파펜션,전남
마리나베이펜션,전남
다시봄펜션,전남
들안길펜션,전남
여수 정원이예쁜 독채펜션,전남
야생화펜션,전남
여수나폴리하우스펜션,전남
바다향기여행펜션,전남
순천만뉴빌리지펜션,전남
별산펜션,전남
메이플펜션,전남
동산한옥펜션,전남
아름다운동행펜션,전남
구르미펜션,전남
지리산시크릿가든펜션,전남
라온하우스펜션,전남
풍경펜션,전남
스테이멍펜션,전남
플로라펜션,전남
지리산파파스펜션,전남
영암연희한옥펜션,전남
홍길동건강펜션,전남
지리산시엘펜션,전남
꿈에그린펜션,전남
지리산1박2일펜션,전남
까사고니펜션,전남
지리산아름다운펜션,전남
더포근펜션,전남
축령산 편백통나무집펜션,전남
슈가브리움 리조트,전남
보성드림캠핑장,전남
화이트빌리지,전남
증도가온26,전남
까망감스테이,전남
카르페디엠,전남
섬진강하늘풍경,전남
J에게,전남
우두리포펫,전남
노고마주,전남
빌리지 피어,전남
오소펜션,전남
어반스테이,광주
더원애견동반펜션,경북
오아시스애견펜션,경북
세븐하프애견펜션,경북
오색애견펜션,경북
하늘아래첫동네 애견펜션,경북
런앤독스 애견펜션,경북
늘시원펜션,경북
207마일펜션,경북
발리오레펜션,경북
동해안펜션,경북
아라뜰펜션,경북
알록달록비치펜션,경북
경주감포한옥펜션,경북
블루베이펜션,경북
라메르펜션,경북
솔향기펜션,경북
아라누리펜션,경북
후연지한옥펜션,경북
JS애견풀빌라,경북
영덕오션펜션,경북
단산한옥펜션,경북
더스트림펜션,경북
헤윰한옥풀빌라펜션,경북
영덕동해펜션,경북
파파야펜션,경북
올레펜션,경북
경주 참맑은펜션,경북
1945펜션,경북
감포포시즌펜션,경북
라구스힐풀빌라펜션,경북
오션1527펜션,경북
작은행복펜션,경북
일출펜션,경북
페리토애견풀빌라,경북
경주장펜션,경북
루스풀빌라펜션,경북
유니애견풀빌라,경북
블루마린펜션,경북
라라랜드애견풀빌라,경북
벨루스로즈펜션,경북
노비오스펜션,경북
해피데이해피독펜션,경북
아망뜨펜션,경북
로하스대나무펜션,경북
경주통나무펜션,경북
에버그린과파인트리 애견동반펜션,경남
런닝독애견펜션,경남
거제도 좋은데애견펜션,경남
댕댕이애견풀빌라펜션,경남
블루캐슬애견펜션,경남
카누720애견풀빌라펜션,경남
비치블루애견펜션,경남
멍마르뜨언덕애견펜션,경남
남해바다향기펜션,경남
오션스테이펜션,경남
창원 망고펜션,경남
메르베르펜션,경남
고운미소펜션,경남
소나무펜션,경남
퍼니펜션,경남
엘피라펜션,경남
모던스파펜션,경남
엘시아애견풀빌라,경남
통영구가네펜션,경남
남해씨앤뷰풀빌라펜션,경남
쏠베르펜션,경남
느티나무펜션,경남
비토펜션,경남
산청풍안펜션,경남
만하임펜션,경남
도그펜션,경남
요기가펜션,경남
독독펜션,경남
용추글램핑&펜션,경남
바다세상펜션,경남
통영힐링펜션,경남
포시즌M펜션,경남
파레사애견풀빌라,경남
티아라펜션,경남
해금강솔레미오펜션,경남
베르데펜션,경남
베일리펜션,경남
하얀등대펜션,경남
통영1박2일펜션,경남
봄날펜션,경남
쿠쿠숲펜션,경남
해지개캠핑펜션,경남
은빛아라펜션,경남
여울펜션,경남
산타모니카펜션,경남
슈가파인,대구
스테이댕댕,대구
바다소풍애견펜션,울산
토마네애견독채펜션,울산
메르시펜션,울산
헤이메르펜션,울산
메이드스테이,울산
오뉴월,울산
찰리팜하우스,울산
일루소펜션,부산
제이스테이펜트하우스펜션,부산
그루브펜션,부산
텐테이블펜션,부산
해운대영무파라드호텔,부산
오데뜨,제주
늘바다애견동반펜션,제주
휘게애견팬션,제주
마레카펜션,제주
솔펜션,제주
씨에나펜션,제주
앙크레펜션,제주
늘바다통나무펜션,제주
비울채울펜션,제주
오렌지슈가펜션,제주
샤론의집펜션,제주
섯동네펜션,제주
제주행복스케치펜션,제주
포시즌펜션,제주
쇠소깍천일펜션,제주
기차펜션,제주
채우리네펜션,제주
옛마을펜션,제주
제주블루앤씨펜션,제주
하얀등대펜션,제주
귀덕귀덕펜션,제주
바람의언덕펜션,제주
시루네펜션,제주
제주다와풀빌라펜션,제주
글로리아펜션,제주
제이큐브펜션,제주
향림원펜션,제주
일해펜션,제주
성산별장펜션,제주
하늘이펜션,제주
펠리체펜션,제주
하도바다펜션,제주
바닷가에서 펜션,제주
놀멍펜션,제주
쉐프1192펜션,제주
더포레스트애월펜션,제주
바나바하도펜션,제주
제주앓이펜션,제주
리버풀펜션,제주
별헤는밤펜션 성산포,제주
소희네하우스펜션,제주
우도힐링펜션,제주
자홍원펜션,제주
개설렘펜션,제주
스테이반하나 애견동반펜션,제주
