체크인독,서울
e.mone애견호텔&애견미용,대구
every뽀송 애견호텔,대전
SOS애견유치원,경남
THE발라당고양이호텔,서울
WALWAL,경남
강아지놀이터,경북
개꿀잠,전남
개놀자,전남
개님,경북
개님살롱,서울
개런티,경기
개린이집,인천
개모임,전북
개바라기,대구
개와고양이의시간,경기
개의꿈,전남
개인공간,울산
개코스,서울
개편한세상,인천
고마워복실아,전북
고양이 호텔 냥이 아지트,서울
고양이냥냥호텔,인천
고양이를 부탁해,경남
고양이민박,대전
고양이역보호소,인천
고양이정원,대전
곰이네유치원,충북
곱닥한개,제주
공드린개과점,대구
광주애견호텔유치원 소유펫,광주
김구백이,강원
깨둥이네,충북
꿈,대전
냥글냥글고양이호텔,서울
냥냥쌀롱,전북
네모강아지,경북
노케이지애견호텔,충남
놀다가개,강원
놀다가시개 애견호텔유치원,충남
다녀오개,경북
달려라멍멍 애견유치원,충남
달려봐요댕댕이숲 애견유치원호텔,충남
달봉이 펫 호텔,부산
달중이네애견호텔,제주
댕글벙글,부산
댕댕놀이터,제주
댕댕아놀자 애견유치원,부산
댕댕유치원,충남
댕댕이 보호구역 반려견유치원,경남
도그문,경기
도그비앤비,전남
도그비잉펫케어 2호점,서울
도그원 애견호텔&유치원,서울
도그텔,충남
도그플래닛,경기
도니바니,경기
도담도담,경남
도도네 개집,광주
도도펫 애견호텔&놀이터,울산
도로시지켜줄개,인천
독독,인천
독스타,충북
독스호텔리어,대구
돌봐줄개,인천
두두펫케어,부산
두류댕댕 애견카페,대구
드림애견유치원,충남
디케어텔,대구
딩굴댕굴 애견호텔유치원,충남
딩동댕독 애견유치원호텔,충남
딩동댕치원,부산
랑랑이네하숙,전북
러블리캣,대구
룰루랄라네,전남
리틀원유치원,경기
마이펫강아지유치원호텔미용스파,부산
마이펫시터,경북
마이펫의이중생활,부산
매리는외박중,충북
멍's,인천
멍더랜드,제주
멍데이 애견유치원,경남
멍돌하우스,서울
멍멍스쿨,전북
멍멍아 여기어때,경남
멍멍아 학교가자 애견유치원,대구
멍뮤니티 애견유치원,경북
멍블리스 [미용/유치원/호텔],경기
멍생멍사,인천
멍쉘 애견카페&호텔,울산
멍스토어,광주
멍지중지,울산
멍지트,서울
멍크라운 프리미엄 애견유치원,부산
멍투게더 강아지유치원,서울
멍품애견유치원호텔,강원
메종드캣,광주
멜팅독 유치원,대구
모노모노몽,부산
모모댕댕유치원 달서점,대구
모모댕댕유치원 북구점,대구
모모의고양이호텔,서울
모모의여름,충북
몽개몽개애견호텔유치원,대구
몽들,전북
묘한호텔,서울
묘한호텔,부산
무무유치원,충남
미뇽 애견유치원호텔,충남
바둑이연구소,충북
바르개,경북
박준애견호텔강아지유치원강아지훈련소,경기
반려식탁,광주
버블멍,인천
베버리독스,경기
베스트독스,경북
베스트프렌독,인천
별다섯 개,인천
보라애견호텔,제주
봉봉,경북
봉주르봉구,광주
브이도그,대전
블루밍캣,광주
비로소 반려견 유치원,강원
비몽사몽,부산
비바도기,경북
빈스앤멍,서울
뽀꼬아뽀꼬,경기
뽀도독,서울
뽀도독,울산
뽀시래기,제주
솜밤,강원
송이하우스,강원
순복이네스핑크스 고양이호텔,충남
쉐이크테일,경기
쉬어가개,울산
슈슈마벨,인천
신세개백화점,전북
썸바디독스,울산
아담하개,전북
아람애견샵 애견호텔,경남
아리스타펫호텔,충남
아토맘수제간식cafe,경북
안녕하개,부산
알로몽,대구
애견유치원 반달,전북
애견호텔 몽몽드,인천
애견호텔&카페 나무야,충북
애견호텔맥시,강원
애니멀하우스,경기
어벤멍스,대구
오냥오냥고양이호텔,대구
오마이멍멍,충북
오위드,경북
오킨더,부산
온잇독,경기
올리스펫호텔셀프목욕,경남
왈독 강아지 유치원,서울
욜로펫,대구
우다닥 고양이 호텔 인천점,인천
우다닥 고양이호텔,서울
우당탕탕 사고뭉치 애견 유치원 애견호텔 애견미용,충남
우리집 막내,부산
우리집강아지 애견호텔유치원,경기
우리집첫째,부산
우리집첫째 대연점,부산
원더호텔,경북
위드펫홈,경기
이재룡의 뭉개뭉개유치원,대구
잊지멍 애견유치원호텔,충남
잔다냥 대전점,대전
잘놀개잘자개,경기
장수멍냥,울산
제제네멍치원,서울
젠틀독,전북
졸리쇼,울산
주견야독,부산
초돌이네펫시터,울산
카누네 애견호텔,전북
캐슬,울산
캔디독,경기
캣동산,광주
컴피,부산
케어독하우스,충북
코기절미,제주
콩이네하우스,강원
콩자반애견유치원,충남
쿨쿨펫,경북
킹스독,충남
킹콩하우스애견카페,경북
태담이네하우스,경북
털로덮인친구들 청라점,인천
테일즈애견호텔,대구
파브퍼피,경남
퍼플캣,서울
퍼피가든 애견 호텔 유치원,경남
퍼피랜드유치원호텔,강원
퍼피스테이,충북
퍼피쿼터스 애견미용 유치원 호텔,광주
펍피,경기
펫리움,경북
펫살롱 애견호텔,대전
펫시터 라울레미 하우스,서울
펫워터파크,경남
펫즈,전북
펫챔,광주
펫츠가든,경북
펫타워,경남
펫토피아,인천
펫토피아,부산
펫패밀리,인천
펫호텔조선,부산
편하개놀다가냥,세종
포레스트캣호텔,충남
포스캠프 (Paws Camp),인천
포핑요,제주
피카부,전남
피터펫,대전
피터펫 대구혁신도시점,대구
피플퍼피,경북
하늘이네,경북
하이댕,충남
하이바이쉼터 대구점,대구
학교종이댕댕댕,충남
핫독,충북
해피데이즈 강아지유치원,인천
해피애견,제주
해피애견호텔,경남
핸즈독스쿨,경남
행복하개,광주
헤어볼하우스,충북
형씨호텔,강원
호텔멍,충북
후추하우스,대전
휴독,울산
