2PM 애견펜션,경기
THE SOUTH BAY,경남
W펜션,강원
가을이네펜션,인천
가평 하이몽 애견펜션,경기
가평애견카페 리버뷰펜션,경기
가평펫밀리애견펜션,경기
감포포시즌 펜션,경북
강화도 바다네 스파펜션,인천
개버랜드,충북
개스타 애견펜션,충남
거제 좋은데 애견동반펜션,경남
거제봄날펜션,경남
경주 감포한옥펜션,경북
경주 아라뜰 한옥펜션,경북
경포 초콜릿 애견펜션,강원
경포딩가애견펜션,강원
경포코지펜션 애견동반,강원
고벵이 애견 온수수영장 펜션,인천
고운미소펜션,경남
골든코스트펜션,충남
구례섬진강야생화펜션,전남
구르미펜션,전남
귀덕귀덕펜션,제주
그레이캐슬펜션,경기
글램독 애견펜션 영흥도점,인천
글로리아펜션,제주
꼰띠고애견펜션,충남
꿈에그린 애견펜션,전남
나래펜션,경기
나무206펜션,전북
나인원펜션,강원
남쪽나라애견펜션,전남
남해바다향기펜션,경남
내린천 아름 펜션,강원
뉴리베라펜션,전남
늘시원 펜션,경북
다와풀빌라 애견펜션,제주
단산한옥펜션,경북
대명펜션,인천
더놀자 애견펜션,충남
더마을카페,경기
더블스테이 또또멍 애견펜션,경기
더원애견동반펜션,경북
더키나,전북
더포근펜션,전남
데트르펜션,충남
델루나,전북
도그프리덤,경남
동반풀빌라펜션,경기
동산한옥펜션,전남
동해펜션,경북
드림펜션,경기
들안길 애견펜션,전남
땡큐도그펜션,경기
라구스힐풀빌라펜션,경북
라르고펜션,인천
라온애견펜션,충남
러블리펫108애견펜션,인천
런닝독애견펜션,경남
로뎀 애견 펜션,충남
로마스파 애견동반 펜션,인천
로만티카 애견리조트,인천
루마인펜션,전북
루스풀빌라펜션,경북
르빌리지애월 1호점 더포레스트빌,제주
리니스 하우스,인천
리몽애견펜션,경기
리버팰리스펜션,강원
리틀미코노스,인천
마레카펜션,제주
마리나베이펜션,전남
망고펜션,경남
멍마르뜨언덕애견펜션,경남
메르시펜션,울산
메이드스테이,울산
메이플펜션,전남
문리버,전북
물내음솔내음 애견동반펜션,강원
미리내펫하우스,인천
바나바하도펜션,제주
바다세상펜션,경남
바다소풍애견펜션,울산
바닷가에서,제주
반딧불이펜션,전북
밸런스독 애견펜션,경기
베르데 펜션,경남
벨라루나,강원
벨루스로즈펜션,경북
별바다펜션,충남
별헤는밤 성산포,제주
부엉이애견펜션,경기
뷰나인 애견펜션,인천
블루마린펜션,경북
블루캐슬 애견펜션,경남
비놀리안펜션,강원
비울채울,제주
비치블루 애견펜션,경남
비치힐뷰하우스,인천
비토펜션,경남
빌라독애견펜션,충북
사람과자연펜션,강원
산울림한옥펜션,경기
산천펜션,경기
산타모니카펜션,경남
산타페 펜션,충남
산해로펜션,충남
생각속의 집,강원
샤론의집펜션,제주
서귀포 늘바다 애견동반펜션,제주
서귀포 늘바다 애견동반펜션,제주
석모도 박정아펜션,인천
선유도 망주봉산장,전북
설렘펜션,제주
설악비치펜션,강원
섬진강마실캠핑장,전북
성산별장펜션,제주
세븐하프애견펜션,경북
소나무펜션,인천
솔잎향 펜션,인천
솔향기펜션,경북
슈가몽펜션,충남
스테이댕댕,대구
스테이독애견펜션,인천
스테이반하나,제주
시루네펜션,제주
썬블루펜션,충남
쏠리오펜션,강원
쓰담쓰담애견펜션,경기
씨앤뷰 풀빌라펜션,경남
씨에나펜션,제주
아띠랑스 펜션,강원
아름다운펜션,충남
아망뜨,경북
아우라 독채펜션,인천
아이힐펜션,충북
아임버디,경기
아트시티펜션2,경기
알록달록비치펜션,경북
앙크레펜션,제주
애견펜션 돌봄,충남
애봉이네펜션,충남
앤드퍼피,경기
어나더153,인천
어반네이처펜션,충북
어울림펜션,충남
에버그린과파인트리 애견동반펜션,경남
에버뷰펜션,인천
엘리스산장애견펜션,경기
엘시아애견풀빌라,경남
영덕오션펜션,경북
영암연희한옥펜션,전남
영월펜션 어린왕자,강원
옛마을펜션,제주
오렌지슈가펜션,제주
오색애견펜션,경북
오션 1527펜션,경북
오션스테이펜션,경남
오아시스애견펜션,경북
옥정호산호수펜션,전북
옥타곤펜션,인천
올덴쿡,경기
올라펜션,인천
올레펜션,경북
올리브펜션,강원
요기가펜션,경남
우도힐링펜션,제주
우두리 포펫 애견펜션,전남
위드독애견펜션,경기
위플독,인천
은빛아라 펜션,경남
은진펜션,강원
을왕롱비치하우스,인천
이쁘개즐겁개,충북
이수펜션,전북
이한펜션,인천
일출펜션,경북
잉카펜션,전북
장구너머펜션,인천
장유여울펜션,경남
장태산 휴펜션,대전
정원가든 애견동반펜션,강원
정원이예쁜 독채 펜션,전남
제주 펠리체펜션,제주
제주기차펜션,제주
제주블루앤씨펜션,제주
제주애견동반 솔펜션,제주
제주펜션향림원,제주
조이원펜션,전북
종이학펜션,인천
증도가온26,전남
지리산 1박2일펜션,전남
지리산 아름다운펜션,전남
지리산파파스펜션,전남
지리산풍경펜션,전남
참맑은아침 애견동반펜션,경북
청호1박2일펜션,인천
측도펜션,인천
카르페디엠펜션,전남
케렌시아 펜션,강원
코코애견펜션,강원
쿠쿠숲펜션,경남
퀸스타운애견펜션,경기
터펜션,인천
토마토 오션뷰펜션,인천
토마토펜션,강원
통영1박2일펜션,경남
통영구가네펜션,경남
티아라펜션,경남
파라독스펜션,충남
파인힐애견펜션,강원
퍼니펜션,경남
퍼피21애견펜션,충남
펜션아이리스,강원
펜션오라,강원
펜션투유,인천
펠리체 펜션,경기
편백통나무집펜션,전남
포도향기펜션,경기
포시즌펜션,제주
퐁당애견펜션,경기
풀하우스펜션,충남
풍안펜션,경남
프렌즈애견펜션,강원
프로방스펜션,강원
플로라 펜션,전남
플로라펜션,강원
피앤피펜션,충북
하늘N펜션,충남
하늘아래첫동네 애견펜션,경북
하늘이펜션,제주
하늘펜션,강원
하늬바람펜션,충남
하도바다,제주
하루강아지애견펜션,경기
하버빌펜션,강원
하얀등대 펜션,제주
하얀등대펜션,경남
핫도그 애견팬션,충남
해둥실펜션,인천
해마루펜션,인천
해마루펜션,강원
해바라기애견펜션,충남
해지개 캠핑 펜션,경남
해피몽펜션,강원
행복스케치펜션,제주
헤윰한옥풀빌라펜션,경북
헤이메르펜션,울산
홍길동건강펜션,전남
화이트빌리지,전남
화이트펜션,인천
후연지한옥,경북
휘게애견펜션,제주
휴펜션,충남
힐링펜션,경남
