리츠펫 청도점,경북
리케리케,대전
리틀독애견카페,인천
리틀포레스트,전북
린치핀,인천
마리몽,대전
마운틴독,경남
마이달링독,인천
망고쿠로,대전
먹골댕댕이 애견운동장,울산
멈머즈,울산
멍 카페,부산
멍글팩토리,인천
멍때리자,전북
멍라운지,광주
멍리버,대구
멍마르뜨,경북
멍멍벅스,서울
멍뭉,대구
멍뭉몽애견카페,대구
멍뭉이 애견유치원,강원
멍숲 & 바베큐,울산
멍아일랜드,경남
멍집사,인천
멍카페유,충남
멍클라쓰,울산
멍토피아,전남
멍파파,경남
멍프리,경남
멍필드 애견카페&호텔,울산
메나쥬,경남
메이킷 카페,서울
메종드댕댕,경북
모들카페,울산
모모,대구
모어스테이,부산
모찌네호캉스,경기
몬테,인천
몽VILLAGE,전북
몽개몽개,대전
몽구네 애견카페,대구
몽그라운드,대전
몽그레 제주공항점,제주
몽글몽글,전북
몽글몽글애견카페,강원
몽드드뚜뚜,경기
몽블리 애견카페,경북
몽스파 본점,제주
몽스홀릭,경남
몽쥬이에,광주
무이사회,전북
미스앤독,경북
미스터멍,경북
미스틱3도,제주
밀크레페,전남
바다독차지,울산
바다정원,강원
바로나도 수원영통점,경기
바르다펫 대전점,대전
바바빈애견카페,대구
바운스독카페,광주
바잇미 신사점,서울
바투,세종
발넷이야,대구
발라당눕스,충북
발바닥애견카페,강원
버디독,광주
벨르시앙,경남
별애별개,제주
볕이드는곳벧디,제주
보사노바 커피로스터스 삼척점,강원
보키네강아지,대구
봄날,제주
봉봉애견카페,인천
봉브라더스,서울
브라운피크닉,부산
브릴랑시앙,전남
블랑주리,광주
비숲,경기
빈티지399,광주
빌리지도그,광주
빙고 애견카페,충남
뽀야네 딩가댕가,경기
쁘띠레브,제주
삐삐라떼,강원
산동교카페,광주
서원안길,인천
서촌동댕번지,충북
셀파파,대구
소온,부산
솔루나 카페&펍,제주
숲 애견카페,전남
숲속에댕댕이,대전
스윗유,인천
스타독스,경기
스타디움 오브 독스,전북
스타펫미팅 애견카페,충북
스태픽스,서울
스포독,부산
슬로우무드,광주
시선310 간절곶점,울산
시크릿가든,경북
신세개애견카페,경남
신세댕,대구
써니네애견카페,서울
쏠티캐빈,강원
아기사자,강원
아띠375,경기
아띠멍멍,광주
아라커피,강원
아루스,경기
아시나요 카페,충남
아오라,경북
아웃독,경남
아이러브독도,대구
아이러브퍼피 양산점,경남
아이러브퍼피 청주점,충북
아이언독 애견카페,경남
아이조아펫파크 대구점,대구
아이조아펫파크 충주점,충북
아잉독,전남
아지터,대구
아트빈,충북
안녕아가,경기
안성맞춤포시즌애견테마파크,경기
안지아로,대구
알티테라스,경북
앙독스,경북
애견의품격,대전
애견카페 댕그라운드,충북
애견카페 똥강아지,경기
애견카페더펫,전남
애견카페왈,경기
애견카페포,경남
애견호텔1번가,충북
애니멀고파크 광주점,광주
애니멀고파크 삼성점,서울
애니멀고파크 제주신화월드점,제주
애월더선셋,제주
애코랜드,부산
앤드테라스 내유점,경기
앵두나무카페,서울
어도러블독,강원
어도러블멍이,경북
어라운드데이,서울
어라운드펫 정관신도시점,부산
어라이브,전북
어반플레이스,경기
어스독 인천,인천
어웨일카페펍,경남
어음분교1963,제주
어테일,충북
언니네애견카페,경기
에멍쁘아,경북
에버독&카페,충북
에클로그,충북
엘룬,부산
엘빈,인천
엠블럭,경기
엠비언트,경북
영글다,경기
오던,경북
오던,경북
오도독,경기
오렌지애견카페,경북
오마이구미,부산
오후애,경북
온사이드,경기
온어스 ONUS,부산
와따멍,대구
왈왈이 무실점,강원
왓더독,서울
요기개,제주
요새,경기
요우르,제주
용산559,강원
우다다애견카페,부산
우리들의공간커피&펍,세종
우프우프,경기
웅천애견카페,전남
원데이오프,전북
월든무인커피,경남
위드독애견카페,경기
위드모데스티,대구
위위,경북
유독,부산
유아독존,대구
유알마인,강원
유앤독,전북
유일라운지 카페,서울
유포리아,경남
은율당,경남
이너프,제주
이누인,충남
이리오개,경북
이리와애견카페,대구
이스펫셜,대전
이이로 커피,경북
인도그,충남
인디퍼피,광주
인솔커피 상수점,서울
인천개공원,인천
일다,광주
입양뜰,서울
잇츠독,충남
자연충만,대구
자티,전북
작은개,대구
잘놀개잘살개,전남
저스트도그,강원
전설의강아지,서울
제이아일랜드,제주
제주애견카페왈 구억점,제주
제주애견카페왈 사계점,제주
젠틀독,강원
젠틀펫,대구
주말카페 개들래미,대구
준독라운지,강원
차미라미,전북
청주 유기동물 입양지원센터 개꿈,충북
카이터스,제주
카페 가드니아,제주
카페 노트,인천
카페 니니니,충남
카페 담,경기
카페 더 큰나무 주안점,인천
카페 루시올레,경남
카페 메이플,경북
카페 명지,전남
카페 모안,경기
카페 미밍코 롯데백화점영플라자울산점,울산
카페 수피아,울산
카페 아리네,서울
카페 아콤파니,부산
카페 어질리티,서울
카페 요람,제주
카페 제이독,경기
카페 휘바,경기
카페0732,울산
카페12.21,전남
카페On on,충북
카페공가,대구
카페괘릉,경북
카페굴리엘모커피 송정공원역점,광주
카페놈,경남
카페댕,충남
카페댕스,경기
카페더독,울산
카페도기,경기
카페도즈오프,강원
카페독스,강원
카페돌체네,광주
카페드숑,전북
카페드하리,충남
카페또또,경남
카페라봉,인천
카페루나,대전
카페마카,강원
카페멍 목동점,서울
카페멍데이,울산
카페멍무,광주
카페모알보알 제주점,제주
카페목천,충남
카페몽몽,경기
카페무네,서울
카페무르,경기
카페벼리,울산
카페비비,제주
카페산청요,경남
카페스토리,서울
카페스토리,경기
카페시은우,대전
카페아띠랑,경남
카페아리아,전남
카페아리아,전북
카페아리아,광주
카페아지트,강원
카페알로라,인천
카페애견,충남
카페용담,세종
카페월든,경북
카페유대,충남
카페유주,제주
카페은린,울산
카페이소,울산
카페작금,전남
카페프레임,서울
카페피어라,충남
카페하녹,전남
카페호나,제주
카페홀리,인천
칸지독,인천
커멍,경남
커멍 그라운드,전북
커멍도그,부산
커멍커멍,서울
커피멍,대구
커피와일드,경기
컨사이스,대전
컴페니언,경북
케어메이트,울산
코랄커피,충남
코리하우스,부산
코모네펫하우스,경남
코이이누,대전
코지그라운드,충남
코코네,강원
코코독스애견카페,전남
코코랑,강원
코코블리 애견운동장,충남
코코앤잭슨,경북
쿠치로,전북
쿠쿠네애견카페,인천
퀘렌시아애견앤디저트까페,경남
큐독,광주
킨더독,서울
킹스독,충남
태시트 TACIT,강원
텐빌리언,대구
통이네다방,충남
트레블브레이크커피,충남
트리팜,대구
파르크우록,대구
파인독,강원
파인트리팜,경북
파크독,광주
파트라슈애견카페,충남
파파독,인천
판 갤러리카페,전북
팔랑개비,전북
퍼니퍼피,경북
퍼스 펫 파크 경주점,경북
퍼스 펫 파크 양산점,경남
퍼펫애견카페,제주
퍼피80,대구
퍼피랜드,경남
퍼피마마,울산
퍼피스그린,대전
퍼피커피,서울
퍼피쿵,강원
퍼피프렌즈,충북
펖파크,경기
페리토,경남
페이지38,경북
페이지38,경북
펫다방,제주
펫마파크 수담,충남
펫스토리카페&유치원호텔링,경기
펫카페37.5,경북
펫크닉,충북
펫타운,강원
펫토피아,경남
포니테일,서울
포둥포둥,경남
포즈카페,경북
포포앤미루,서울
푸댕,대구
푼타하우스,경기
풍세커피,충남
풍차,대전
프로다카페,경북
프로방스,충남
프리독,대구
프리멍,전남
프리어,광주
플란다스의 개,충북
플러피펍,경기
플레이그라운독,울산
플레이스엉물,제주
피노카페,충남
피터펫애견카페 부산북구점,부산
피터펫츠,경기
피터펫카페 가덕도점,부산
피터펫카페 부산본점,부산
피플스커피,대구
피플앤퍼피,경북
하늘뜰애,세종
하비파크,인천
하오쿠,부산
하이멍 애견카페,부산
하프문,울산
할리독,경북
해쉬,전북
헤븐리파크 도그스,강원
헤이더그린,서울
헤이독,울산
헤이독 대전점,대전
헬로멍,광주
헬로우씨카페,강원
호두마루애견카페,전북
혼자두면장판뜯어서차린개카페,서울
홀드더도어,서울
홀리몰리,대구
홍,광주
홍담,충남
화이트클라우드,강원
휴식애견카페,전남
흐노니,인천
희소식,인천
히든블루,울산
히든플래닛,서울
히포코코,강원
힙독 애견카페/유치원/호텔/미용,전북
