레스케이프 호텔,서울,accomo,4.48,"예쁘고, 조용하고, 친절해요.

방음이 잘돼서 너무 좋습니다. 
인테리어도 고급스럽고, 강아지랑 이용하기에도 좋았어요.
다이슨 드라이기, 바비리스가 정말 편해요!

욕조와 방 사이의 문이 완전히 닫히진 않았어요.객실의 바닥이 나무로 되어있는데 걸을때마다 삐그덕거리는 소리가 꽤 큽니다.
주차할 때마다 정산을 해야한다고 해서 프론트에 전화해서 출차 등록을 매번 해야 했지만 크게 불편하지 않았습니다.

7층 스타벅스는 베이커리 종류가 많지 않았어요.

다음에 강아지와 간다면 재방문할 것 같습니다.",https://search.pstatic.net/common/?autoRotate=true&quality=95&type=w750&src=https%3A%2F%2Fpup-review-phinf.pstatic.net%2FMjAyMjA4MTVfODcg%2FMDAxNjYwNTQwNzk1MzIy.u036elV8xL7xTeoYRQSFmkBW_ExnAFjtVRVk26DFpEgg.StnMLAb1lIEFc-6A7kHEdNSBAUuvCuCpRReXd9UhWOog.JPEG%2Fupload_3e9749d181bd3e4d1aa0ac6ac0d38195.jpg
호텔 카푸치노,서울,accomo,4.26,"호텔 카푸치노 퓨전레스토랑으로 17층에 있어요.
파노라마로 펼쳐지는 빌딩숲, 노을지는 주택가 
골목길 풍경에 입을 다물지 못했어요.
저녁놀이 일상의 번잡함은 아무것도 아니라고 
온화하게 달래주었어요.
해산물이 듬뿍 들어간 파스타가 먹는 즐거움을 더해주었어요. 샐러드는 가격과  양에서 손색이 없었어요. 은은하게 번지는 루프탑 전구 불빛이 노을맛집뷰에 방점을 찍었어요.
",https://search.pstatic.net/common/?autoRotate=true&quality=95&type=w750&src=https%3A%2F%2Fpup-review-phinf.pstatic.net%2FMjAyMjA2MDRfMjUx%2FMDAxNjU0MzQwNzU2NTkx.Hs3SHo9KGWEoYLh0DJCKE8KPX5DvEL9ZmaHnTGkNYBYg.kOKxl0mnph_Iu-dgH1JgYfrpZtCoz8XjNwF1BTDQzgog.JPEG%2Fupload_dee6f82f161e2b3b9a5dbcc5c241b363.jpeg
유탑 마리나 호텔&리조트,전남,accomo,4.36,"저녁에 수영장 음악도 나오고 버블도 쏴주고 짱 재밌어요 온수풀도 있고 좋아요 음료도 주고 방수마스크도 쥬네용 좀 늦게 갔는데 10시 반까지 놀수 있어요 다음엔 더 일찍 가야겟더용 ㅎㅎ
방안에서는 방음잘되요 음악소리 잘 안들리더라구용",https://search.pstatic.net/common/?autoRotate=true&quality=95&type=w750&src=https%3A%2F%2Fpup-review-phinf.pstatic.net%2FMjAyMjA4MDVfODcg%2FMDAxNjU5NzA4MzEwNjc5.dukzeGfeFPIaFdaN1THrfpeXXV8PGqox66hhO4hC94Qg.tU0t2pYv1cOnCBd9xy32pEiAHG5uiOJ08hlXaPBvFKIg.JPEG%2Fupload_aea3be9da1da412b6b09f991f593644d.jpeg
썬라이즈호텔,강원,accomo,4.23,,https://search.pstatic.net/common/?autoRotate=true&quality=95&type=w750&src=https%3A%2F%2Fpup-review-phinf.pstatic.net%2FMjAyMjA4MTRfMjMg%2FMDAxNjYwNDU2NDY2NjU0.qr4R0cRnhNnQEMJCbOB2aZoLKFZlQmuyBrYcwVHUWscg.qdKBnASvI1Cp-F87D0dEcQ2uxz9slW3cGs2H0_EqM9sg.JPEG%2Fupload_bc3cef7a6b7b0d69bd9513292ce7da18.jpeg
호텔 포코,서울,accomo,4.21,,https://search.pstatic.net/common/?autoRotate=true&quality=95&type=w750&src=https%3A%2F%2Fnaverbooking-phinf.pstatic.net%2F20220606_21%2F1654488641966bqpeq_JPEG%2Fimage.jpg
에어스카이호텔,인천,accomo,4.4,"좋아요 가까운데서 바다보고  딸 때매 삼겹살 먹었지만 쉬다가니 좋으네요.
조식도 먹을수있어 좋아요",https://search.pstatic.net/common/?autoRotate=true&quality=95&type=w750&src=https%3A%2F%2Fpup-review-phinf.pstatic.net%2FMjAyMjA2MjRfMjUg%2FMDAxNjU2MDY3NDY5NTU5.RXE6fmEn_2hVfUnLu9j1koRLjUsoMk4Zela8Qv-lWeAg.9iqbOAfwgxKN0aqaTtpN3GwGOKoN5sZniZeP3hlXrjkg.JPEG%2Fupload_a5d00213f3657a1ff3444b7d851df278.jpg
아르반 호텔,부산,accomo,4.31,"반려견 동반 가능하며 객실 침구가 정말 편안합니다. 수납장도 넉넉해서 여행 시 짐을 보관하기도 좋아요. 

중심가에 있어서 주변에 맛집도 많아요!! 만족합니다~~",https://search.pstatic.net/common/?autoRotate=true&quality=95&type=w750&src=https%3A%2F%2Fpup-review-phinf.pstatic.net%2FMjAyMjA4MDZfMjM0%2FMDAxNjU5NzU5MzkwOTAx.6SE90fgN20dj1FilG3qfg4qsuFl-uUd__QUNjy7eT1cg.bpkeQNxQK35Q164PUCVNDQNR8Jb-ix_QHuYh4nifAOEg.JPEG%2Fupload_e7582c79b8c6be8e9fbb7c77a960a727.jpg
호텔로프트,서울,accomo,4.12,방이 넓은 편이고 지하철에서 가까워쇼,https://search.pstatic.net/common/?autoRotate=true&quality=95&type=w750&src=https%3A%2F%2Fnaverbooking-phinf.pstatic.net%2F20220711_188%2F1657523821900qkfGH_JPEG%2Fimage.jpg
얼레이호텔,경기,accomo,4.6,조용하고 뷰가 좋아요,
스타비아호텔,경기,accomo,4.45,"김포행사로 단체손님들 모두 이 호텔에 예약하고 숙박했습니다.
모두 숙소 좋았다고 만족합니다~!!^^",https://search.pstatic.net/common/?autoRotate=true&quality=95&type=w750&src=https%3A%2F%2Fmyplace-phinf.pstatic.net%2F20220421_269%2F1650530350875pb3K7_JPEG%2Fupload_cd146fe755870e14ee1417fb30be0463.jpg
에비뉴호텔,전북,accomo,4.35,,https://search.pstatic.net/common/?autoRotate=true&quality=95&type=w750&src=https%3A%2F%2Fmyplace-phinf.pstatic.net%2F20220220_54%2F1645315282975MbyGQ_JPEG%2Fupload_2d3f579e9a6827de74a14cc485126b91.jpg
월드스카이호텔,강원,accomo,4.52,"디럭스에서 전망있는 더블로 변경했는데, 요청사항도 친절하게 잘 들어주십니다
고층 객실은 뷰맛집이에요!! 야경 볼만합니다!!
객실은 기본적으로 깔끔하고 청결해서 좋고 생각보다 여유로운 느낌이 있습니다
테이블도 있어서 간단하게 야식먹기도 좋습니다
무엇보다 시장과 가깝고 방음도 잘되는편이라 만족했습니다",https://search.pstatic.net/common/?autoRotate=true&quality=95&type=w750&src=https%3A%2F%2Fnaverbooking-phinf.pstatic.net%2F20220806_281%2F1659743076470WlLmt_JPEG%2Fimage.jpg
오션 더 포인트 호텔,부산,accomo,,"사장님 친절하시고 방 안내 잘해주십니당!
주차장 넓어서 걱정없고 광안리 해수욕장 바로 앞이라 놀러가기도 좋아요!
화장실이랑 침구 모두 깨끗하고 분위기 좋네용!
라운지 패키지 이벤트도 알차고, 시티뷰로 배정받았지만 창문 사이로 살짝 바다도 보여요!
드라이기 있는것도 마음에 들고 호텔 바로앞에 먹거리도 있어서 다 해결하고 올수 있어요 추천합니다!",https://search.pstatic.net/common/?autoRotate=true&quality=95&type=w750&src=https%3A%2F%2Fpup-review-phinf.pstatic.net%2FMjAyMjA4MDNfNzEg%2FMDAxNjU5NTEyMjMwMDQz.bd5Mkr9T7QtV_5v9296hR6T5MpgDwQPzYb411nKLMhAg.1OVicDbNHtS75ks__tZGEXZoz1567kyE6XQPDer6I6Mg.JPEG%2Fupload_58651f475cf41605fc99a81911588efb.jpeg
포스마이스아나호텔,서울,accomo,,,
호텔엠스토리,경기,accomo,,조아요,
감동호텔,부산,accomo,3.88,"밤에 급으로 부산와서 잡은 숙소라.어쩔수 없이 하룻밤.
바닥에 뭘 흘려서 닦았더니ㅜㅜ청소제대로안하시는듯.
세면대 물도 안내려가고..밤에  추웠고
방바닥이 서늘하고 아침에 콧물납니다ㅜㅡ
욕실 샤워기부스 샤워기 곰팡이 쩔어요
욕조 샤워기 좀 낫네요
불편한 하룻밤 이였어요
욕조는 겁나 넓네요.특실이라
조용합니다.",https://search.pstatic.net/common/?autoRotate=true&quality=95&type=w750&src=https%3A%2F%2Fmyplace-phinf.pstatic.net%2F20220116_81%2F1642297241146kMaQr_JPEG%2Fupload_821b221dc08aa1f536a762a053c31a64.jpg
코코호텔,충북,accomo,4.29,"컴퓨터도 있고 안마의자까지 있어서 정말 좋아요
다만 화장실 불이 많이 어둡고 바닥이나 욕조에 때가 많이 껴있어서 그 점은 좀 아쉬웠네요 
그 외에는 다 괜찮았던 것 같습니다. ",
마루호텔앤카페,제주,accomo,,,https://search.pstatic.net/common/?autoRotate=true&quality=95&type=w750&src=https%3A%2F%2Fnaverbooking-phinf.pstatic.net%2F20220804_15%2F1659542147908rWmn7_JPEG%2Fimage.jpg
드메르 호텔,울산,accomo,4.38,잘 쉬다왔습니다 휴일 대실도 3시간 기준이라 좋았습니다,https://search.pstatic.net/common/?autoRotate=true&quality=95&type=w750&src=https%3A%2F%2Fmyplace-phinf.pstatic.net%2F20220210_65%2F16444671223742Laf9_JPEG%2Fupload_747994d96bdd69373a04cdec64be07c6.jpg
켄싱턴리조트 설악밸리,강원,accomo,,강아지랑 가기 좋아요. 중문하고 울타리가 있어서 강아지가 갑자기 뛰어나갈일 없고 복도방음이 잘되요. 유모차도 있어서 편해요. 주변에 산책로 산책하기도 좋아요. 도시락 배달해주셔서 편히 조식 먹을 수 있어요. ,https://search.pstatic.net/common/?autoRotate=true&quality=95&type=w750&src=https%3A%2F%2Fnaverbooking-phinf.pstatic.net%2F20220719_51%2F1658205902543og2Ps_JPEG%2Fimage.jpg
켄싱턴리조트 충주,충북,accomo,,강아지 동반 펜션은 위생상태를 알수없으니  콘도를 선택 합니다 2번째방문인데 첫번방문에 불멍이  좋아서 또 갔어요 오래된느낌이 단점이지만 친절하고 깨끗하게유지되는것만으로도 재방문충분합니다 이번엔바베큐 하고왔는데 캠핑느낌나서 좋았습니다 ~,https://search.pstatic.net/common/?autoRotate=true&quality=95&type=w750&src=https%3A%2F%2Fpup-review-phinf.pstatic.net%2FMjAyMjA4MDdfNiAg%2FMDAxNjU5ODYyOTk5NTEw.ZbSYPXonCkVoGryho5ZacPqgtUhBCICx5eLKMIoVe9Qg.50R9PWPGczHM4LSylctLJsHtHYeMtZtK4l_3WiCYLNgg.JPEG%2Fupload_8217ab8848a8ac1fe0a47b66b3407f71.jpg
금호화순리조트,전남,accomo,4.08,"아이들은 구명조끼 필수이고
어른 아이 모두 즐기기 좋아요
야외는 11시 부터 즐길수있고
푸드코트는 맛없어요
리조트내에 비비큐는 진짜 맛있어요",https://search.pstatic.net/common/?autoRotate=true&quality=95&type=w750&src=https%3A%2F%2Fpup-review-phinf.pstatic.net%2FMjAyMjA3MjZfMjEz%2FMDAxNjU4NzkxNjYwMDg4.ZeBjtFvNHEVGbrj5oxSfOndDU8798ht5dSZEUxMEc4Eg.PRi2mGIviVovJ79PZnNU7LQV2hNNnr8LMkgtGPdfB20g.JPEG%2Fupload_43423d6224c55764b772e595e350b09b.jpg
소노캄 고양,경기,accomo,4.4,날씨도 따라주었고 깔끔합니다. 잠시 쉬어가기 좋았어요.,https://search.pstatic.net/common/?autoRotate=true&quality=95&type=w750&src=https%3A%2F%2Fnaverbooking-phinf.pstatic.net%2F20220818_103%2F1660789368388waK1M_JPEG%2Fimage.jpg
"헤이, 서귀포",제주,accomo,4.32,"강아지동반이 가능이라 너무 좋았어요
룸을 업그레이드해주셔서 편하게 쉬다갑니다!
다만 강아지를 위한 계단이 있었다면 더 좋았을것같아요
(배변패드.밥그릇은제공됨)
조식(간단하게라도)이 없는건 아쉬웠어요
에어컨도 잘나오고 온수도 잘나와요!
뷰도 뻥 뚫려있어 너무 좋았습니다!",https://search.pstatic.net/common/?autoRotate=true&quality=95&type=w750&src=https%3A%2F%2Fnaverbooking-phinf.pstatic.net%2F20220817_167%2F1660703705413TbiDF_JPEG%2Fimage.jpg
URBAN HOTEL & GOLF,서울,accomo,4.67,"객실이 매우 청결하고 뷰가 좋습니다
가격대비 훌륭하네요
추천합니다",https://search.pstatic.net/common/?autoRotate=true&quality=95&type=w750&src=https%3A%2F%2Fmyplace-phinf.pstatic.net%2F20220127_13%2F1643225791252BjwNx_JPEG%2Fupload_142f93d96c636c9d5e921a5d401d430e.jpg
더펫텔프리미엄스위트,부산,accomo,4.54,"2일 연박했는데 친절하고, 3층 카페의 커피도 맛있어요.
* 주차: 지상, 타워
* 룸: 펫디럭스더블(건물뷰), 강아지 식기/방석/배변패드있음.

침구도 편하고, 강아지가 너무 좋아했습니다.
근데 아침 9시30분~10시 이후부터 윗층 소음이 2일연속 심했어요. 
약간 노후된 모텔느낌이었으나 편하게 잘 이용했습니다.

해운대해수욕장, 동백섬까지 걸어가기 좋은 위치라서 산책하기 좋아요.
15분이상 걸으면 해리단길 카페거리도 갈 수 있어요.
바로 근처에 애견동반식당 오데뜨도 있어서 식사하기 좋았습니다.",https://search.pstatic.net/common/?autoRotate=true&quality=95&type=w750&src=https%3A%2F%2Fpup-review-phinf.pstatic.net%2FMjAyMjA1MjJfNzMg%2FMDAxNjUzMTUxOTg0MjI5.Lpf8SPMZfJtbvKz_qldxF3dTA_-UPx6byR8PnLWOJacg.iQ-CZqTYYECPa8sdjlabhWOYQTHrub-nNCAEVcmX5kMg.JPEG%2Fupload_05e5e175cba1ec49d6f495cad894e436.jpg
넘버25 남양주별내점,경기,accomo,4.04,"깨끗하고 조용하게 쉴 수 있네요
주차하기도 편하고 직원분도 친절하세요
추천합니다!!",https://search.pstatic.net/common/?autoRotate=true&quality=95&type=w750&src=https%3A%2F%2Fpup-review-phinf.pstatic.net%2FMjAyMjA4MDJfMjAx%2FMDAxNjU5NDAyODUxOTM4.kV_kclT8VWXE3JcgNqTXDLuz3bAeFUG4aWqKTF6QhQ0g.ULRB6mrVv6nSnuYNVOtiBAIFNipk36igL0O9Raf6JnYg.JPEG%2Fupload_9518d1dade16859d69a4a9d8bebefac0.jpeg
웨스티하우스,제주,accomo,4.86,"취업하고 오빠와 부모님 모시고 간 첫 제주여행이었는데, 이쁜 숙소 덕분에 완전 대만족하고 갑니다! 미리 사진을 보고 갔지만, 정원이 상상 이상으로 이쁘고, 내부도 깨끗하고 냉방도 잘됩니다:) 그리고 휴식 공간도 호텔처럼 잘돼있어요. 게다가 강아지 밥그릇도 챙겨주시는 센스ㅎ 통나무집에서 정말 잘 묵고갑니다ㅎ",https://search.pstatic.net/common/?autoRotate=true&quality=95&type=w750&src=https%3A%2F%2Fnaverbooking-phinf.pstatic.net%2F20220619_78%2F16556068230734Pk0R_JPEG%2Fimage.jpg
바바호 호텔,경기,accomo,,"최악의 서비스를 경험했네요. 리뷰 잘 안쓰는데, 리뷰를 다 쓰네요. 별 하나도 아깝습니다.",
제주블랑,제주,accomo,,레트로 느낌이 나는 조용한 독채였습니다 다만 입실시간이나 안내사항을 문자로 자꾸 주셔서 부담이 되었습니다 입실 전 안내 외에 객실에서 지켜야 할 안내사항은 천천히 읽어볼수 있도록 식탁 같은 곳에 종이로 배치하는 것이 좋다고 생각합니다,
프레이저플레이스 센트럴,서울,accomo,4.4,"넓고 쾌적한 공간에서 반려견과 함께 보낼 수 있어서 좋은 것 같아요. 반려견 용품들은(물그릇,밥그릇,애견방석) 제공되지 않지만 저희는 항상 챙기고 다니기 때문에 문제는 없었어요. 반려견과 함께 여행을 계획 중인 분들께 추천해드립니다.",https://search.pstatic.net/common/?autoRotate=true&quality=95&type=w750&src=https%3A%2F%2Fpup-review-phinf.pstatic.net%2FMjAyMjA1MThfMTcg%2FMDAxNjUyODgzNjk1OTY0.LJYngcROxfjOD_02QFLF7woninfRLIol8Qx9yQdphH8g.lwktuD51QcqzC93PoDOCq6IpBVIPJUXFGlHQiaiPxvwg.JPEG%2Fupload_db38c4dc8eba92e2df2c4c187492a93d.jpg
그랜드 머큐어 앰배서더 호텔 앤 레지던스 서울 용산,서울,accomo,4.73,,https://search.pstatic.net/common/?autoRotate=true&quality=95&type=w750&src=https%3A%2F%2Fpup-review-phinf.pstatic.net%2FMjAyMjA4MDNfMTE4%2FMDAxNjU5NDk3MDk1NTU1.L_LE6fFOy7sysBGNhvWgNEJmSCet0zDlJzvE4uGFOxQg.ZLZC88itfOE24KGg3--CNztl2YAmFfdbC2QIsUySkh8g.JPEG%2Fupload_23ae086429e3a2d4cf3a1b5de916fe50.jpeg
알로프트 서울 강남,서울,accomo,4.19,집공사라 4박 호캉스했네요 저는 너무 좋았습니다 고양이 가능한 유일한 펫프렌들리아닐지여ㅜㅜ 성은이 망극하옵니다 캣타워도 설치해주시고 선물로 주신 습식파우치 엄청 잘먹더군요 침대는 얼마나 편한지 일어나기가 싫었습니다 아쉬운건... 뷰가 주차장건물뷰라 애가 볼게 없었네여;;; 그래도 짱짱,https://search.pstatic.net/common/?autoRotate=true&quality=95&type=w750&src=https%3A%2F%2Fpup-review-phinf.pstatic.net%2FMjAyMjA4MTJfMjQ3%2FMDAxNjYwMjYxNjQxNTg1.22X2W_IlBGJ-epbkSkzIey-JRNXPFUlOv08xiSJS5dYg.Gi8jQf469sbGFd3nzJR326m4O7dw8SR__vshu_Gfyawg.JPEG%2Fupload_90520127e2a4376b460693935be560e9.jpg
오크우드 프리미어 코엑스 센터,서울,accomo,4.49,"투배드룸 슈페리어룸 이용했습니다 
위치가 좋아서 예약했는데 위치 갑에 
룸 크고 4명이서 너무 잘 이용했네요~ 지하에 편의점 바로 있어서 편리하고 현대백화점 무역점 연결되어 있어서 와인이랑 과일 사서 잘 먹었습니다! 
길건너에 유명한 와인바 있습니다 추천! ",https://search.pstatic.net/common/?autoRotate=true&quality=95&type=w750&src=https%3A%2F%2Fpup-review-phinf.pstatic.net%2FMjAyMjA2MThfMTkw%2FMDAxNjU1NTI3MTY1Mjkw.dhDDx6wyvCbz2ngHRMrG-CeK9ow_N_YIadDqarot9lsg.lZbboTFzkZIroX9SldRYx5pEG3-zVZdZAnsqY0Xk-0gg.JPEG%2Fupload_0318f5dcf89d0082dae72f44641f9ee1.jpeg
클럽더독스,경기,accomo,,굿,
더위크앤 리조트,인천,accomo,4.43,전체적으로 넘 깨끗하고 쾌적해요!! 이번 여행은 숙소가 다 했다 싶을 정도로 컨디션 좋은 숙소였어요 ㅎㅎ,https://search.pstatic.net/common/?autoRotate=true&quality=95&type=w750&src=https%3A%2F%2Fpup-review-phinf.pstatic.net%2FMjAyMjA4MTdfMjM4%2FMDAxNjYwNzI1OTkzMjI3.yivG0Iq_4Ya4kUEFO4pzazBAHnSH_eshPGltmUgoZYMg.3WwygbNbhDaRt8WE9c8paCoKlmiJKk5gHhtfPqpsBuQg.JPEG%2Fupload_e7cf52d17a1d7af6b70035b670bddbd3.jpeg
블루오션레지던스호텔,인천,accomo,4.39,,https://search.pstatic.net/common/?autoRotate=true&quality=95&type=w750&src=https%3A%2F%2Fpup-review-phinf.pstatic.net%2FMjAyMjA3MjVfOTgg%2FMDAxNjU4NzU0NDA5MjY0.NroAx8SIKQQ7Bo_YHZzt_K1YJqWE23i6AsqU4P1VHNgg.m6dg3j79YSzbBx0on5PcHNC_QfG0G2MW2T2AN_d5wjQg.JPEG%2Fupload_731040a7e76fd99568f0f590522dc1c6.jpeg
오크우드프리미어 인천,인천,accomo,4.55,"음식이 대체로 깔끔하고 신선하고 좋아서 재방문의사 있습니다 
평일점심만 세미뷔페이용 가능하구요 평일저녁과 휴일은 메인음식 주문해야 세미뷔페가능해요
뷰맛집이여서 음식도 맛있네요",https://search.pstatic.net/common/?autoRotate=true&quality=95&type=w750&src=https%3A%2F%2Fpup-review-phinf.pstatic.net%2FMjAyMjA4MDhfMSAg%2FMDAxNjU5OTQxOTUxOTg5.IMGRZ7_pnkGpK0Z4dmJHkeJm9U2Os0r8wroaDk_Q6nsg._5rKYEAGwpwEcJk-TbPT-31JC_laSZZ8r9lxFrNZRCMg.JPEG%2Fupload_7528e184fe62c371f69f98059b90d4b2.jpg
오션솔레뷰호텔,인천,accomo,4.09,"펫룸 오션뷰 디럭스 더블테라스룸에 묵었는데 생각보다 괜찮았어요!
침대컨디션이랑 뷰가 특히 좋았는데 침대밑은 청소상태가 좀ㅎㅎ
화장실도 살짝 냄새가 나긴했구요~~
근처 타호텔에서 1박하고 온건데 여기가 더 좋아서 만족한 하루 보내고 갑니다^^",https://search.pstatic.net/common/?autoRotate=true&quality=95&type=w750&src=https%3A%2F%2Fnaverbooking-phinf.pstatic.net%2F20220804_222%2F1659586853543R7cva_JPEG%2Fimage.jpg
소노펫 클럽앤리조트 비발디파크,강원,accomo,4.59,,https://search.pstatic.net/common/?autoRotate=true&quality=95&type=w750&src=https%3A%2F%2Fnaverbooking-phinf.pstatic.net%2F20220720_121%2F1658289506403Gc6qu_JPEG%2Fimage.jpg
세인트존스호텔,강원,accomo,4.19,"잘 다녀 왔어요
부대시설 잘 되어 있어서 다양하게 즐기지 좋았어요
아쉬운점은 슬리퍼가 없어서 불편했고 
두번째는 호텔 규모에 비해서 지하주창이 작아서
야외 주차장에 주차해야 히는 불편함이 있었네요 그점'이외는 대체적으로 만족 했어요
주변 맛집도 많고 즐겁게 휴가 잘 지내고 왔어요",https://search.pstatic.net/common/?autoRotate=true&quality=95&type=w750&src=https%3A%2F%2Fpup-review-phinf.pstatic.net%2FMjAyMjA4MDRfMTA4%2FMDAxNjU5NjA0MzczMjkz.bUQo4krxDQxiWn1Y7dTrnfApsDn08W6iOYg5rH6N2LAg.D-qp5Dt4P3BRfMbuXlyS70jcOPytR9UPRYsJBc3YRKUg.JPEG%2Fupload_3febf1e8a53c451bad60986a89339589.jpg
스파뷰호텔,충남,accomo,4.16,시설도 깨끗하고 좋았어요. 따뜻한 탕에서 아이들은 아이들끼리 물놀이하고 어른은 탕에서 몸을 담그고 피로를 풀었어요~ 탕이 넓고 물도 너무 좋아서 피부가 보들보들 해져서 기분이 좋더라고요. 산책로 따라 걷다가 두꺼비고 보고 황새도 봤어요. 아이들도 저도 신기해 했답니다.  전 그 새가 황새인줄 몰랐는데 그곳 산책로에서 만난 어르신이 말씀해 주셔서 알았어요~그곳이 황새마을 이였다고 하더라고요. 좋은 시간 잘 보내고 왔답니다.,https://search.pstatic.net/common/?autoRotate=true&quality=95&type=w750&src=https%3A%2F%2Fnaverbooking-phinf.pstatic.net%2F20220605_21%2F1654410746479isisr_JPEG%2Fimage.jpg
더휴식소륜 천안지점,충남,accomo,4.15,"가성비 끝판왕입니다.베버는 가장 이상적인 경제 효율성이 최소 비용 최대 효과라 하였습니다.저는 가장 이상적인 숙박 이용이 최소 비용 최대 만족이라 생각합니다.그 기분을 느끼고 싶으시다면 무조건 가세요.침구류들이 5성급 호텔에 뒤지지 않을 정도로 최고입니다.매트리스가 정말 좋다고 느꼈습니다.들어가는 입구부터 갬성이 아주ㅜㅜ 치파오도 대여 가능해서 여자친구와 추억 쌓기 넘 좋고 휴게실에 아이스크림과 커피,세탁기,건조기,제빙기,프린터 등 여행자 입장에서 최고였습니다.객실 안은 금연구역인지라 담배 냄새 전혀 안나서 넘 좋았습니다.공기청정기까지 있어서  저로서는 최고였습니다.특히 넘 깔끔하고 비품도 풍성해서 만족감 최고♥♥♥♥♥",https://search.pstatic.net/common/?autoRotate=true&quality=95&type=w750&src=https%3A%2F%2Fpup-review-phinf.pstatic.net%2FMjAyMjA2MjBfMTIy%2FMDAxNjU1Njk0NjcxNDI1.2Y5uYdnXWyxSJdFAzEpnD3BqlgS3VP5VlrZpPMrMguwg.9cVpg9Taphh82ZLfh3_KPsi_V4RavaXoQA5UauEAQ2Yg.JPEG%2Fupload_5e295f2483668807c0ef63ade07c9f2a.jpg
소노벨 변산,전북,accomo,4.15,"2022. 7월 여름휴가로 변산 소노벨(구.대명리조트) 다녀 왔습니다.
리조트 내 편의시설 잘 되어 있어 쾌적하게 즐기기 좋았고, 변산해수욕장, 채석강, 내소사등 주변에도 볼거리가 다양하고, 서해 바다의보라빛 석양은 많이 아름답습니다.

아담 하지만 있을거 다 있는 리조트 입니다.
편안하게 아이들 있는 가족이 즐기기에 손색이 없다고 생각 되네요.",https://search.pstatic.net/common/?autoRotate=true&quality=95&type=w750&src=https%3A%2F%2Fpup-review-phinf.pstatic.net%2FMjAyMjA3MjhfMjY3%2FMDAxNjU5MDA3OTM5NDAw.IRJ6q47UFwyngEwmNCzBBfFEdlVr_5r949u4VbwapuMg.QUGfCooe_En9k4RP0_r9pgBv33XeSUKS5IM552GoPn4g.JPEG%2Fupload_6282a6035a422f84bbfe923f7020e1c8.jpg
소노캄 여수,전남,accomo,4.48,"너무 좋았어요 ,사진에 다 담았네요^^ 꼭 다시 가고 싶어요^^조식 등등  라운지도 좋고 입구 베이커리빵도 맛있고 다들 친절하셨어요.
직원분들도 다 친절하시고 어메니티도 아베다라서 넘 좋았어요,2박해서 이틀째날 수건 여유있게 부탁드린다고 메모 남겨 뒀더니 여유롭게 주셨어요,위치도 좋고 전남 유일 5성급 호텔이라더니 너무 좋았어요,담에는 애들 데리고 오기로 했어요,전라도 분들이 참 친절하신거 같아요,전주에 이어 여수가 두번째 전라도 여행인데 음식도 좋고 여러모로 너무 기분좋은 여행이었어요,담에 다시 여수를 간다면 다시 꼭 소노캄으로 가겠어요~^^ 남편도 정말 만족하고 지내는 내내 기분이 좋았어요.2박 하길 잘한거 같아요^^ 동백꽃이 피는 겨울에 꼭 오고싶네요 ㅎ",https://search.pstatic.net/common/?autoRotate=true&quality=95&type=w750&src=https%3A%2F%2Fnaverbooking-phinf.pstatic.net%2F20220613_196%2F1655109211838Hyf8J_JPEG%2Fimage.jpg
호텔 케니 여수,전남,accomo,4.28,"가성비에 있어서 최고입니다
호텔 객실과 침구가 정말 깨끗하고 2층 로비 또한 인테리어 감각이 있어 잠시 쉬기 좋아요 특히 아침 조식은 다른곳에 비해 월등히 퀄리티가 있어요 남편은 마냥 맛있다고 하면서 극찬하네요 잘 지내고 왔습니다",https://search.pstatic.net/common/?autoRotate=true&quality=95&type=w750&src=https%3A%2F%2Fnaverbooking-phinf.pstatic.net%2F20220729_241%2F1659086086989lQhmO_JPEG%2Fimage.jpg
호텔바나나,광주,accomo,,늦은밤 저렴하게 잘 쉬었습니다 체크아웃시간이 늦어서 좋네요,
스테이호텔,광주,accomo,4.16,"시설 너무 깨끗하구요

전 조식이  조식이모님도 너무 좋았습니다

그리고~~

따신물 수압까지 완벽 합니다!!!!
너무 좋아요~~~",https://search.pstatic.net/common/?autoRotate=true&quality=95&type=w750&src=https%3A%2F%2Fpup-review-phinf.pstatic.net%2FMjAyMjA3MjhfMiAg%2FMDAxNjU5MDE3OTg5NjU3.V_BSpq_Vjpz6tUZhNCS3_NSGtt6H8Pu9xysURWXsRrcg.rGJhUvXd2IjD28-Wpt3j2nbFySv_bG21cgYKOkkN6sIg.JPEG%2Fupload_8776c909829f530ed0770f3667213a16.jpg
국제비즈니스호텔,광주,accomo,4.09,시원하게 잘놀았어요,
통영비치캐슬호텔,경남,accomo,4.36,가성비 최고에요,
해운대 영무파라드호텔,부산,accomo,4.26,"반려견과 함께 오기 좋은 호텔로 유명한가봐요! 다른 사람들 반려견과 함께 온 사람들이 많더라구요. 반려견은 4-11층만 가능하고 아니면 더 고층으로 주시는데 저히는 반려견이 없어서 23층으로 들어갓어요!! 2인기준에 최대 4인이라 4인함께 갔구요. 2인추가비용은 없지만 침구추가(2만원)비용 들어가고 수건도 장당 2천원 받더라구요. 뷰는 오션뷰로 선택안했는데 침대에 누우면 바다가 보여서 너무 좋았어요ㅠㅠ 광안대교까지 보였어요!! 무엇보다 스타일러 있고, 화장실에 작게 세탁기도 있어서 완전 사용 잘했습니다. 다음에 부산에 오게된다면 또 묶고 싶을 정도에요~",https://search.pstatic.net/common/?autoRotate=true&quality=95&type=w750&src=https%3A%2F%2Fpup-review-phinf.pstatic.net%2FMjAyMjA4MTZfMTc2%2FMDAxNjYwNjYxMzI2MTA4.NAXEsv5pNt-V4NRCbAB_2St398aQ7Zzzk4rD67oD8vkg.6WMoxj4hPwRj7CVNh_ZfpgaUE1qBU7sEtrYUFp1CRrwg.JPEG%2Fupload_ddeb90257f81b2a427edf0824798c3d4.jpeg
아라팰리스 호텔,제주,accomo,,자취방 같고 집처럼 편해요,
제주플레이그라운드,제주,accomo,,사장님이 편안하게 잘 응대해주셔서 제주도 여행의 즐거운 추억이 되었습니다. 감사합니다 :),https://search.pstatic.net/common/?autoRotate=true&quality=95&type=w750&src=https%3A%2F%2Fnaverbooking-phinf.pstatic.net%2F20211010_279%2F16338415228613DhW5_JPEG%2Fimage.jpg
경주신라한옥호텔,경북,accomo,3.98,아주 별로에요 지저분하고 ..노천탕 뷰만 볼만합니다,https://search.pstatic.net/common/?autoRotate=true&quality=95&type=w750&src=https%3A%2F%2Fmyplace-phinf.pstatic.net%2F20211127_18%2F1638011457995OT2WA_JPEG%2Fupload_b4a37ded023bb4027fab48748e6ed51f.jpg
