192 센티미터,경기,cafe,,"""애견동반가능카페 주차가능.""",https://search.pstatic.net/common/?autoRotate=true&quality=95&type=w750&src=https%3A%2F%2Fpup-review-phinf.pstatic.net%2FMjAyMjA3MzFfMjg3%2FMDAxNjU5MjQ0NjYyNTA2.4UlM7MoCYDcQM2r0D_aoQHc18OZQ_cU9eYAIrVNntYUg.sogr99cU8ewniVNIMOhQpPvJbiwP6APJZntq0lm32fsg.JPEG%2Fupload_c1f44a211948f6a84c82fc0b699a0eec.jpeg
25디셈브리스,부산,cafe,4.84,"""숲속에있는 애견동반카페.힐링이 되는곳""",https://search.pstatic.net/common/?autoRotate=true&quality=95&type=w750&src=https%3A%2F%2Fpup-review-phinf.pstatic.net%2FMjAyMjA4MDlfMTY0%2FMDAxNjYwMDUwODMzNjEx.PMJGzqhjSU96oMOme_IPrOfFZIiiy19W7lyjuubYlVUg.pmtFD2yjyy9DhOoiZlUj-5SGWrBesdCemP4Q4Fm_HA0g.JPEG%2Fupload_f7c91908200e1ed0cea4f4ee887de2b8.jpeg
38DEGREE,강원,cafe,4.35,"""무엇보다 애견동반으로 이렇게 예쁜카페 처음가봐요!!""",https://search.pstatic.net/common/?autoRotate=true&quality=95&type=w750&src=https%3A%2F%2Fmyplace-phinf.pstatic.net%2F20220226_290%2F1645851050713htyTv_JPEG%2Fupload_391990b9c7df5f2814a904ddef4228a2.jpg
AVE 1465,부산,cafe,4.46,"""애견동반 가능한 카페이며, 야외 테라스 좌석이 있습니다.""",https://search.pstatic.net/common/?autoRotate=true&quality=95&type=w750&src=https%3A%2F%2Fmyplace-phinf.pstatic.net%2F20220215_155%2F1644914021196mqsVB_JPEG%2Fupload_f45caf6b85046b7994d5f8ea428ce3fb.jpg
cafe esther,전북,cafe,4.58,"""크로플 맛집 :) 아메 2,500원 착한가격. 애견동반가능.""",https://search.pstatic.net/common/?autoRotate=true&quality=95&type=w750&src=https%3A%2F%2Fpup-review-phinf.pstatic.net%2FMjAyMjA2MDlfNTMg%2FMDAxNjU0NzUyMDU3Nzcw.C8J6i3yYNgpdjrDXXTJ16cOK0hwEYPGPnTWbNoA8wjUg.15h9LxysCW7tVNCLOJvNA9k5gDr-9oAa7xvuqdtDAIYg.JPEG%2Fupload_54a7277e4b1a0398bd91b3ea59412c38.jpeg
cafe858,충남,cafe,4.55,"""여긴 애견 동반 카페라고 하시면 안될듯..""",https://search.pstatic.net/common/?autoRotate=true&quality=95&type=w750&src=https%3A%2F%2Fpup-review-phinf.pstatic.net%2FMjAyMjA4MTJfMjk4%2FMDAxNjYwMjgwNjA2MDQ1._EBz2xr1cLcbsoBvMywqZZf9hYCFnVwIHnTyIaAfwP4g.D2rOdtuuumEd6WrLJTkDjKCw3AOGxQGUkEh6yb3TY3cg.JPEG%2Fupload_a4b36725a6972c348e275636e590d406.jpeg
CORDELIA,경남,cafe,4.32,"""야외테이블 애견동반이 가능하고 마창대교를 비롯한 마산앞바다 뷰가 멋지다.""",https://search.pstatic.net/common/?autoRotate=true&quality=95&type=w750&src=https%3A%2F%2Fpup-review-phinf.pstatic.net%2FMjAyMjA3MjVfMjk0%2FMDAxNjU4NzI2MDMwNjg2.NbMiPyu0pZSlHL1-VXQg128TJI-as4Cxyag3roeEoLEg.sX6CVc5rlCSDKOr0_VrxEgU-1inEz0zLzC2gOFBcjPQg.JPEG%2Fupload_8c2ae3352fe203dd83e8a5d2a98f8675.jpg
FLAT172,제주,cafe,4.55,"""음료 굉장히 저렴하고 맛있는데 강아지 동반 가능이라 더좋음""",https://search.pstatic.net/common/?autoRotate=true&quality=95&type=w750&src=https%3A%2F%2Fpup-review-phinf.pstatic.net%2FMjAyMjA2MjFfMzIg%2FMDAxNjU1ODAxMDY2OTc4.HP4xyXxGrg8vwfC9781MshLP5ndqIDvXyyuocYJhGRkg.zjVWZgaJxKPAaeekCPM90h95zrNTkzSxZ9vu0FESqW0g.JPEG%2Fupload_13ecb4f28afa64f4621c39139dc041a1.jpg
LISMORE,경남,cafe,4.42,"""애완견 동반이 된다고 들었어요^^♡""",https://search.pstatic.net/common/?autoRotate=true&quality=95&type=w750&src=https%3A%2F%2Fpup-review-phinf.pstatic.net%2FMjAyMjA4MDNfMjcw%2FMDAxNjU5NTEyMTA5OTM5.7TESbVpp4LNM2ojNtL4ToOWNSjRZeVf6GQMhKH9SoLsg.zB0bYQCkoBywLndCus4Tnovos8rsmkTYPIhbnYp31nYg.JPEG%2Fupload_fdb08d9d824bb9fb4a4a31f7a732153a.jpeg
N109,제주,cafe,4.5,"""너무 예쁜 애견동반 카페입니다!!:-))""",https://search.pstatic.net/common/?autoRotate=true&quality=95&type=w750&src=https%3A%2F%2Fmyplace-phinf.pstatic.net%2F20210905_15%2F1630774566724p7HrV_JPEG%2Fupload_8f29241e8a55e414c01552ba97368b5e.jpeg
ONE BOTTLE,경기,cafe,4.33,"""애견동반 가능 생각보다 테이블이 적당""",https://search.pstatic.net/common/?autoRotate=true&quality=95&type=w750&src=https%3A%2F%2Fpup-review-phinf.pstatic.net%2FMjAyMjA3MTdfMTY0%2FMDAxNjU4MDMxNDMxMTMw.48MIHRe9QqjOklt7Ib8VbrUZmP0vx2B4snTHPVfB1mQg.0gvpwcdYcg62JSvCrrZpQBxbHadHBXFQqQEeJMgdq80g.JPEG%2Fupload_ddbe19f5ba6f77c881a2f88734e183d0.jpg
PLACE64,전북,cafe,4.5,"""카페뒤자리 애견동반가능해서 너무 좋아요""",https://search.pstatic.net/common/?autoRotate=true&quality=95&type=w750&src=https%3A%2F%2Fpup-review-phinf.pstatic.net%2FMjAyMjA4MTNfMTI3%2FMDAxNjYwMzczNTQ1ODky.SMXGQg57oEqi3O9eIez-lEWwET_TZ4pNxFuR6g0X70Ug.6y0WwAhQIYgSyHf1l3cDZN-5kEm5REhFaJ6C90kUXawg.JPEG%2Fupload_a41d285359650db0584ee2a39480bd3b.jpg
SS COFFEE,경남,cafe,4.48,"""애견 동반 가능한 정원, 맛있는 케이크.""",https://search.pstatic.net/common/?autoRotate=true&quality=95&type=w750&src=https%3A%2F%2Fpup-review-phinf.pstatic.net%2FMjAyMjA3MjVfMjQz%2FMDAxNjU4NzM1MTc1MTc0.fS4sbgDb40AApzOSWoD4xNM-OHBx9AIB6MT2ufiBse4g.5uOPN-xBEykwWoyLt4Jjto_s9PGnoELeeCdItYGI0eog.JPEG%2Fupload_14c803baac9637bd325e314135a349ab.jpeg
SURELY,대구,cafe,4.48,"""강아지 키우는데 애견 데리고 가기 좋은 분위기라 만족했어요~""",https://search.pstatic.net/common/?autoRotate=true&quality=95&type=w750&src=https%3A%2F%2Fpup-review-phinf.pstatic.net%2FMjAyMjA4MThfMjc4%2FMDAxNjYwODAxMzI2MDIz.cdvf4ZTSXN3gWuc_6xHoOmrjfeGIWNxrVxe5YMrZ94sg.EiBuI3aOOtQpCSw5iGWXJ1Oe1BdI0mA5coj5DHF1KVgg.JPEG%2Fupload_04654eec7bf80db9ee4c52abe2641507.jpg
간양길카페,충남,cafe,4.56,"""애견동반가능 주차도좋고 맛도 건강한맛""",https://search.pstatic.net/common/?autoRotate=true&quality=95&type=w750&src=https%3A%2F%2Fpup-review-phinf.pstatic.net%2FMjAyMjA4MDVfMTU3%2FMDAxNjU5NzEwMjkwMzc2.QZELbJdxaEtij1L5KGuKISX9j1QiLUbBTPjiorixo54g.PghMd9F1L4lI5-ieJ3ioey3XQ9n6ut_Vizg5SuueHH4g.JPEG%2Fupload_cd13055b5a5d8d343684eea75c442ede.jpeg
간절바당,울산,cafe,4.44,"""멋진곳이네요 한번쯤 방문하기에 좋아요 애견동반가능하니 참고""",https://search.pstatic.net/common/?autoRotate=true&quality=95&type=w750&src=https%3A%2F%2Fpup-review-phinf.pstatic.net%2FMjAyMjA4MTNfMjk5%2FMDAxNjYwMzY3NjkzNjUz.uOTJyKv9W5v_gQL3KK6X7OuWNsciDshFbaSQZrG-FXkg.0MGWtZbE93nIVVWkX5VpDFTYFWzEfJGAf7IEhmoPaKkg.JPEG%2Fupload_89364dcdc7c4236a31ea572c5456bb49.jpeg
갈매기다방,강원,cafe,4.59,"""애견동반이라고 해서 일부러 찾아갔는데 외부만 가능해요 와플과 음료는 괜찮아요""",https://search.pstatic.net/common/?autoRotate=true&quality=95&type=w750&src=https%3A%2F%2Fpup-review-phinf.pstatic.net%2FMjAyMjA3MDZfMzcg%2FMDAxNjU3MDc4NzQ4OTE3.dvCN9Z4_IV3NN__x1tbD9Pg1bYJcgK0IlRJWqm4R7B4g.7ecr4I0YO4Oohcwz1eSkPVQqUNjIv_V5FEJLrxpnJgsg.JPEG%2Fupload_eced7eddc5dff455cd40052e871eb939.jpeg
게이트42,울산,cafe,4.45,"""분위기 좋으네여 애견동반가능이라 갔는데 애견동반 안된다고 바뀌었다고 합니다.""",https://search.pstatic.net/common/?autoRotate=true&quality=95&type=w750&src=https%3A%2F%2Fpup-review-phinf.pstatic.net%2FMjAyMjA2MjJfNjUg%2FMDAxNjU1ODgzMzc4NDAw.dJpe51sPRSD2Jc1igeuJJrDuJxOvCpzTRdpx78treoYg.FkGt2sCdEY8uz_7mzVfznemWpdFitml3I2yL-ZhqokMg.JPEG%2Fupload_542ee07f124a61661e7895a9f9fe8928.jpeg
경주 블리스커피,경북,cafe,4.56,"""경주 애견 동반 카페여서 찾아서 갔음.""",https://search.pstatic.net/common/?autoRotate=true&quality=95&type=w750&src=https%3A%2F%2Fpup-review-phinf.pstatic.net%2FMjAyMjA4MTJfMjcg%2FMDAxNjYwMjgwMzA2MjM2.86XRd1wYGvEICxvMfOHKr0dZavshiDwTMF8_5FCls1Yg.mWX_EKdnuxRLxxaujg4G9Le8iGvjp-KNz_Ls5cW9bVkg.JPEG%2Fupload_9c4440af085142592bc9bce5d9ba7a95.jpg
고복저택,세종,cafe,4.46,"""애견 동반 카페라 공간도 넓고 주차도 넉넉한데다 사람도 별로 없어서 좋음.""",https://search.pstatic.net/common/?autoRotate=true&quality=95&type=w750&src=https%3A%2F%2Fpup-review-phinf.pstatic.net%2FMjAyMjA2MjRfMTAz%2FMDAxNjU2MDM3ODYyODUx.zklnPkYiNPE11ELO3-GkkTLinYC3CRaQsNsY6Bhn4Lwg.QVfygOTgNSs7ORqRszktCtJA1JtawkMp9Pbj4Y1szBwg.JPEG%2Fupload_7f82775a8b7b7eef9d83e1eaf3dd315f.jpg
고트,충북,cafe,,"""밖에 앉아있어야 하는 경우도 있습니다 애견동반이지만 너무 큰개는 조심해야할 거 같네요.""",https://search.pstatic.net/common/?autoRotate=true&quality=95&type=w750&src=https%3A%2F%2Fpup-review-phinf.pstatic.net%2FMjAyMjA4MDdfMTk1%2FMDAxNjU5ODU5ODE4OTI0.9atPng8g12R2nm9s4PhKnudQnzsqV1eq9E2_dVGirhMg.nVRxUhLELOazWjWgvivH-kCbg1Jh9gpamzVsydXHwP4g.JPEG%2Fupload_64a372cb51a9b2983f834457fa7f8fbf.jpeg
구름이머무는자리,전남,cafe,,"""애견동반카페 미용전문샾입니다.""",
구수리카페,전남,cafe,4.73,"""이제는 강진에 명소가 된것같네요 강아지미용과 동반이 가능한 카페에요""",https://search.pstatic.net/common/?autoRotate=true&quality=95&type=w750&src=https%3A%2F%2Fpup-review-phinf.pstatic.net%2FMjAyMjA4MTRfMjE3%2FMDAxNjYwNDU5MTg2NzA3.YutfT5Bwc8_TWWk3jv49dOhlHyqYL5Y6uM7KRr6zwD8g.BSFG9II2wkOs9J_57I823mJlg1jH0EitcNWvexJD6Oog.JPEG%2Fupload_5eb28968cc498b25053c7ecc321c67ed.jpg
그랑시 앤 오감쌀롱,부산,cafe,4.44,"""일단 대형견도 동반이 되는 곳이라 제일 좋고요.""",https://search.pstatic.net/common/?autoRotate=true&quality=95&type=w750&src=https%3A%2F%2Fpup-review-phinf.pstatic.net%2FMjAyMjA1MTFfMzUg%2FMDAxNjUyMjQ3OTE1NzQ4.xEn1E3LcKYwodjLcdIfheKtNmspFAH6Eu_vTC8XQAoMg.UFnI3NmAjgaZwKheFc8yHDds5aVDM_JNeyH6zWwbuOMg.JPEG%2Fupload_ac484fe36e74c90fe80a1cdfe95ef727.jpeg
그루잠,강원,cafe,4.88,"""반려견은 케리어가 있어야 동반이 가능하고 별관으로 안내해 줍니다.""",https://search.pstatic.net/common/?autoRotate=true&quality=95&type=w750&src=https%3A%2F%2Fpup-review-phinf.pstatic.net%2FMjAyMjA4MTFfMjA0%2FMDAxNjYwMTkzODEwODk3.M8_hm8bv2N0SdGGmnwJuH5XnODc29fm0fV1AvflxCuAg.8_YosILlfp-W3O1P5oZyBKIHl1R4YMA_H2XnHrrZGEUg.JPEG%2Fupload_6e9dfe1aa6d5769ee3634fb50046d889.jpeg
그리너리웨딩 & 프롬더가든,충북,cafe,,"""애견동반 가능이라는점이 가장 맘에 드네요.""",https://search.pstatic.net/common/?autoRotate=true&quality=95&type=w750&src=https%3A%2F%2Fmyplace-phinf.pstatic.net%2F20220329_297%2F1648526595136bwiie_JPEG%2Fupload_a8a291e9bb3cf00747b3ff6c97ef98fb.jpg
그린그라스,경기,cafe,4.38,"""분위기 좋아요 애견동반 가능해요""",https://search.pstatic.net/common/?autoRotate=true&quality=95&type=w750&src=https%3A%2F%2Fpup-review-phinf.pstatic.net%2FMjAyMjA4MjBfMjk5%2FMDAxNjYwOTczMjUwODI4.jLuUzl_XamiefgYHTknkRGoVD23p6bUZEE5HwVDoVXog.paxXtgNlCy2Fh_K5P81DwUh6vFb_FavHkxb9aT74HYQg.JPEG%2Fupload_d77178b8ee4c40180487d98e9487551e.jpg
그림이있는방앗간,전남,cafe,4.48,"""야외 잔디밭 넓고 목줄하면 애견동반가능""",https://search.pstatic.net/common/?autoRotate=true&quality=95&type=w750&src=https%3A%2F%2Fpup-review-phinf.pstatic.net%2FMjAyMjA3MzBfMjI1%2FMDAxNjU5MTY1OTYxNzg3.AJDctBkt6Ks1lEVDIYHu8XcVJQg3PWOmuPIGzLM--HAg.2RmYJAXf1BMW6vddZaMxea4mzMqcxGwRxfualTNU2gcg.JPEG%2Fupload_74c7bc0e18459b381f22f7c94686fa69.jpg
글라스하우스,강원,cafe,4.35,"""강아지와 동반 가능하고 여유로운 분위기에요.""",https://search.pstatic.net/common/?autoRotate=true&quality=95&type=w750&src=https%3A%2F%2Fpup-review-phinf.pstatic.net%2FMjAyMjA1MjNfMjQz%2FMDAxNjUzMjkwNDU0ODUx.qYCpAlL9D0KAUrfcWLA6MTxlVV3bdMqBstHqJy5Tapcg.dJYLo5FyHPkc5pdcFjtpYsiwZVIaAOTbV1T_MP4tQU8g.JPEG%2Fupload_e0a88cba82fb2943cc4dc1cd04822603.jpeg
까페돔바니,인천,cafe,,"""인천 차이나타운 '돔바니'는 자유공원 아래길의 애견동반가능한 카페입니다""",
까페호반풍경,충북,cafe,4.44,"""다만 반려견동반은 야외만 가능해서 한 여름 낮에만 피해서 방문하시면 될 거 같네요""",https://search.pstatic.net/common/?autoRotate=true&quality=95&type=w750&src=https%3A%2F%2Fpup-review-phinf.pstatic.net%2FMjAyMjA4MDFfMTYy%2FMDAxNjU5MzM0MjE0NzI1.YsKPfd_5Bhr3LvgP845R5jJ29Jxdb7BSl_aWzxpUfvog.1SZSZnD2coFQdD-4Tu3dDdVzpVt4ZMwWEofXzMIRKLsg.JPEG%2Fupload_7e8b16cb8bdf21cc1cfb31525b36db54.jpeg
꼬깜카페,경북,cafe,4.41,"""외부 테라스 애견동반 가능하며 의자 불편하지 않습니다.""",https://search.pstatic.net/common/?autoRotate=true&quality=95&type=w750&src=https%3A%2F%2Fpup-review-phinf.pstatic.net%2FMjAyMjA4MTVfMTgy%2FMDAxNjYwNTM5NjYyMzUw.PPSWWgpYMAyCUA-fZpKmQwfDoBjpcc6RFbyWiYAD0bEg.GJQ3pV6vDynHpI_-nwuisUuPDK0TquL2u0yroNRdypIg.JPEG%2Fupload_3c37be78427df292d5dae0000c14bbe1.jpg
꼰디오스,인천,cafe,4.7,"""강아지 동반도되고 너무좋아요 카라멜 마끼야또먹었는데 최곱니다~""",https://search.pstatic.net/common/?autoRotate=true&quality=95&type=w750&src=https%3A%2F%2Fpup-review-phinf.pstatic.net%2FMjAyMjA3MzFfMTI0%2FMDAxNjU5MjU1MTk4NjM0.QUPjzOuGDSAJ83qvZD2tIt2H53e7_-8jrX_jC3tCHt8g.015GRO2NDlRzygqbMcdekTXlrl4W0mgaOVJ4jHvbS2sg.JPEG%2Fupload_46966de7ed337a745918329df854c6f2.jpg
꾸르커피,광주,cafe,,"""애견도 동반되는거 같음""",https://search.pstatic.net/common/?autoRotate=true&quality=95&type=w750&src=https%3A%2F%2Fpup-review-phinf.pstatic.net%2FMjAyMjA4MDFfMTg2%2FMDAxNjU5MzM0NDE3MzU0.pDRmkQWJ7bcXUbCY-9AtMq4TWitCr8Oq55tqyN3iREgg.h9J2FA4R85Q25Mjvj95D6P4W1E1Fb99GlsRPKlzklhwg.JPEG%2Fupload_15d3fa998ec400e9d01e41a1292207df.jpeg
나마스테,전북,cafe,4.54,"""카페가 잘 꾸며져 있고 이쁜 고양이 강아지 그리고 음식, 음료도 맛있다.""",https://search.pstatic.net/common/?autoRotate=true&quality=95&type=w750&src=https%3A%2F%2Fpup-review-phinf.pstatic.net%2FMjAyMjA4MDFfMjA4%2FMDAxNjU5MzQyMjcxNzM1.7zzwAnhh58bavIOqnKqlGf2EgwvWtLEcrXWZBeoNwy4g.ppv9quxzqElrx-ldrITjv0miKYtCuzSeo0gUkzUCP1Mg.JPEG%2Fupload_7aa58788ab722f1c1ef32b9b986978de.jpg
나바지오,강원,cafe,,"""커피맛도 좋고 시설도 좋고 반려견도 동반할수 있어요""",https://search.pstatic.net/common/?autoRotate=true&quality=95&type=w750&src=https%3A%2F%2Fpup-review-phinf.pstatic.net%2FMjAyMjA3MjVfMjU2%2FMDAxNjU4NzMxMTc1ODQ5.ZERHlsFhW4XwzpA_-j1_i_JJxnfNWvbhL4wNfpayoqYg.X08lJaGryXwezHHOXF3s3MkJvDwLFoYE9ait_LPnL5gg.JPEG%2Fupload_cc61f62ec288b668d9a9d676564999b7.jpg
네이버후드,서울,cafe,4.58,"""1층에 한해서 애견동반도 가능하다고 한다.""",https://search.pstatic.net/common/?autoRotate=true&quality=95&type=w750&src=https%3A%2F%2Fpup-review-phinf.pstatic.net%2FMjAyMjA3MjhfMjAy%2FMDAxNjU5MDE5OTYxNzU1.yFIqTm7XEWB0NkQDJS_Fuq-8A4iPaEbvqXUGhZ5WKrQg.qbN2_zEH-PfSTckXeDzSYd1RWmPIHJT34SbsDvtY-hAg.JPEG%2Fupload_2f687b2f82f68ec11ee490ba37c6ef1a.jpg
니즈커피,전남,cafe,4.69,"""오픈했을때부터 가고팠던 커피숍이였는데 마침 애견동반이 가능한 곳이네요""",https://search.pstatic.net/common/?autoRotate=true&quality=95&type=w750&src=https%3A%2F%2Fpup-review-phinf.pstatic.net%2FMjAyMjA4MDNfOTEg%2FMDAxNjU5NTEyMzA4OTE0.P-ZVZCh5end1GxqqxQW87xMABxITjFRuRNCFUeFrwPUg.zusK2xrrpN23rfpFXz85d2LJUaGvS4OArFZLbbSQiRkg.JPEG%2Fupload_05a8a56a8dcfa3dc172f53564c8d08cb.jpg
닥터찰스,광주,cafe,4.42,"""강아지 동반이라 좋고 햇살좋은 까페예요""",https://search.pstatic.net/common/?autoRotate=true&quality=95&type=w750&src=https%3A%2F%2Fmyplace-phinf.pstatic.net%2F20220228_124%2F1646059624254HxJSj_JPEG%2Fupload_4df3fba6827af0a2d6f3e176239b35be.jpg
단우물카페,강원,cafe,4.46,"""애견동반카페 검색해서 갔어여 주변이 조용하니 좋네요 쉬기도 좋았어여""",https://search.pstatic.net/common/?autoRotate=true&quality=95&type=w750&src=https%3A%2F%2Fpup-review-phinf.pstatic.net%2FMjAyMjA2MTJfODcg%2FMDAxNjU1MDM5Mjk4ODgy.aZ5ldZTamjEbED02q4_tdNeInTsZO6xemennDIUfg7kg.PnPO6RksCRw4An_c3xvjWaKBuOMNjwO2BMUEZ8LDArQg.JPEG%2Fupload_73c87ba4470164ba7424e9af04716329.jpg
달달이,경기,cafe,,"""애견동반이라서 찾아가봤습니다.""",https://search.pstatic.net/common/?autoRotate=true&quality=95&type=w750&src=https%3A%2F%2Fpup-review-phinf.pstatic.net%2FMjAyMjA3MTBfMTYw%2FMDAxNjU3NDI5NDE1NTQ3.j1argw5E7hHDLtkkFRXtmdIRlaS_rNk7G95d9hY46i4g.WcLEGGTcN_PsqAbOMplPO34OllWnC-kHLzrfdjGeES0g.JPEG%2Fupload_edcb388ab84a2bd073176e12ff01ae4c.jpg
더 디퍼,대구,cafe,4.54,"""느낌있는 포토존이 한가득에 강아지 동반도 가능헤서 취향저격이었어요.""",https://search.pstatic.net/common/?autoRotate=true&quality=95&type=w750&src=https%3A%2F%2Fpup-review-phinf.pstatic.net%2FMjAyMjA4MTZfMTc1%2FMDAxNjYwNTg1NTkxNjEz.gtsAOv-7r3H7pw45hWiqRRv9sCjEREy5rB4woq6RNRUg.ksa3qzEp_vs0OiawiCHveNIDI1kYYH8YUSnr7_v0LVEg.JPEG%2Fupload_7ec22baf4e8b54c470edbc52908ef955.jpeg
더리트리브,제주,cafe,4.44,"""애견동반 가능한 카페 입니다.""",https://search.pstatic.net/common/?autoRotate=true&quality=95&type=w750&src=https%3A%2F%2Fpup-review-phinf.pstatic.net%2FMjAyMjA4MTZfNjcg%2FMDAxNjYwNjMxOTIwODY5.9alnFfp0Lxo89pgm8D81FICL8dO0M9e_y7UsaBkiMIkg.U9U4Zk972nWQZtkTOzekSOas2zzUm9c7Gy_bWlTRk6Eg.JPEG%2Fupload_885d13db7a06ade37e6bb5306df6a286.jpeg
더플레이그라운드로스터리카페,대구,cafe,4.44,"""애견 동반 카페 조용하고.""",https://search.pstatic.net/common/?autoRotate=true&quality=95&type=w750&src=https%3A%2F%2Fmyplace-phinf.pstatic.net%2F20220204_198%2F1643951553789Inj39_JPEG%2Fupload_1cb353b93b55cd304da59ca4fc7f960e.jpg
데미재,대전,cafe,,"""강아지 동반이 되네요.""",https://search.pstatic.net/common/?autoRotate=true&quality=95&type=w750&src=https%3A%2F%2Fpup-review-phinf.pstatic.net%2FMjAyMjA4MjBfODcg%2FMDAxNjYwOTg4Mjk2NTQx.DWs661r9huhhVsEtqFwKaAX4xQP_QayxP85rd3SCiZIg.WRVBse1WcD_oMtwRs8C_PDpJzuW1_-cVaY7fVTgpL6Qg.JPEG%2Fupload_237a2c82514c5617be947726703dda51.jpg
데이오프나이트,광주,cafe,4.56,"""애견동반 가능한 한적한 카페.""",https://search.pstatic.net/common/?autoRotate=true&quality=95&type=w750&src=https%3A%2F%2Fpup-review-phinf.pstatic.net%2FMjAyMjA3MTVfMTAw%2FMDAxNjU3ODY4ODYwNTEz.-cNmFLkL01xGO9iueRgD9U50nmTzEH1tL244AI95G48g.CBEHExB7zPV0u_ksCcvyjbVYkQub-mV_GJQ7ff9tfOYg.JPEG%2Fupload_1d78764bb13700d053749867a6d4103a.jpeg
도펠하우스,충남,cafe,4.7,"""애견 동반 가능해서 애견인이 많은것같다.""",https://search.pstatic.net/common/?autoRotate=true&quality=95&type=w750&src=https%3A%2F%2Fpup-review-phinf.pstatic.net%2FMjAyMjA4MDVfMTAw%2FMDAxNjU5Njc4NTE4Njg0.WPfZtb258CI1iYc1BzGi-U2wcEQvkyr2eVyre_NRYIwg.M1u32Qlmw0BuBuJ6HCAdmaaOd6o0gAg9qS6nXLAZPI4g.JPEG%2Fupload_abf6de3ef2de7ecb9da669396134e2f9.jpeg
드레,강원,cafe,,"""강아지 동반이 가능합니다.""",https://search.pstatic.net/common/?autoRotate=true&quality=95&type=w750&src=https%3A%2F%2Fpup-review-phinf.pstatic.net%2FMjAyMjA4MDNfMjEw%2FMDAxNjU5NTA1NzAwNzQ2.S6U6GSefMslOp2RZhRlcTPyiV-0L68hMhdRHmk8Fylwg.Qme9CwGDie8SUVJR6SvVsKppBEt9iY3GJGk7Eoku2zMg.JPEG%2Fupload_45b594c409f06081f1ba1fc996622e0d.jpeg
드르쿰다From제주,대전,cafe,,"""전망은 좋으나 애견동반 카페여서인지 개냄새가 좀 나네요""",https://search.pstatic.net/common/?autoRotate=true&quality=95&type=w750&src=https%3A%2F%2Fpup-review-phinf.pstatic.net%2FMjAyMjA4MTFfMzEg%2FMDAxNjYwMjE1MjUxMDAx.yKyTLr42XemGM_OCcbxqWC3p3oGusnbuYIMS1txVObEg.u79ljNhZCRdR6Cvd5fXAd0WhymVRbMghyUPPVLhys2og.JPEG%2Fupload_01a98ec283dfca9ac20a18bf6e9320de.jpeg
디어밸리,대구,cafe,,"""애견동반카페라서 강아지데리고 방문하였습니다""",https://search.pstatic.net/common/?autoRotate=true&quality=95&type=w750&src=https%3A%2F%2Fpup-review-phinf.pstatic.net%2FMjAyMjA4MDVfMTIy%2FMDAxNjU5NjkyNDcxMDky.PWhwNPCt3aGidaJe-ABLyfzwEw0eky8H8S-eszVNgggg.kaQm6MXybgNiRtH2iRp6kiglQg9suPpa99o9ZlvVvZsg.JPEG%2Fupload_718f0e55f8e82bf77d7dbc1b4bc30995.jpeg
레몬일레븐,제주,cafe,,"""애견동반가능카페라 편하게 아가랑 다녀왔어요^^""",https://search.pstatic.net/common/?autoRotate=true&quality=95&type=w750&src=https%3A%2F%2Fpup-review-phinf.pstatic.net%2FMjAyMjA2MTBfNzUg%2FMDAxNjU0ODI1NzAyMjE1.N4oM68Gb3lPQvNXUsLS9_FPOHwJolPp_k_HPEzmgyaMg.opkOPeR4yD6DxCtROlEzb11IPal2R-SVLiJgvgmYQ5gg.JPEG%2Fupload_40b826f6a5cb500b5bbf10d646caebb3.jpeg
로즈드마이,서울,cafe,,"""애견동반 가능한 카페이고 샌드위치가 엄청 빵빵합니다""",https://search.pstatic.net/common/?autoRotate=true&quality=95&type=w750&src=https%3A%2F%2Fpup-review-phinf.pstatic.net%2FMjAyMjA4MTlfMTI0%2FMDAxNjYwOTA2ODAxNzI3.AzAdQy_RUg6NmNsxrrMBFSm9f-lvFln85c_DQErJKdUg.YecjQRJI2GD09xLb6A6zbBq9cltHB-x1t4dnsYsup5sg.JPEG%2Fupload_a2fb039d22e65088e2b4071713f34485.jpg
롱디커피,충남,cafe,4.3,"""애견동반 가능.넓은 주차장.맛있는 빵.커피 원두가 맛있었습니다""",https://search.pstatic.net/common/?autoRotate=true&quality=95&type=w750&src=https%3A%2F%2Fpup-review-phinf.pstatic.net%2FMjAyMjA2MDhfMjkz%2FMDAxNjU0NjcwMzQyMjU4.pf5VMxh8V5C8NCXTbArRp56Af9kIEMctXBYSpIQib54g.sL-qYjxiYsgbEaevTZNIvPSeFJGP9mc_KDyztyhM3R4g.JPEG%2Fupload_31ae0b766d5c6db906187b942ee4a98e.jpg
리베볼,경북,cafe,4.24,"""3. 귀여운 댕댕이 세 마리가 반겨주기도 하지만, 애견동반도 가능!""",https://search.pstatic.net/common/?autoRotate=true&quality=95&type=w750&src=https%3A%2F%2Fpup-review-phinf.pstatic.net%2FMjAyMjA3MTRfMTIw%2FMDAxNjU3NzY5MDgyMDEw.xvky--xKgA0i1raeBPObvtvi-_gty9FaQWxo_fxbf-8g.4dPZZl5t1T93ojX75kaMMEq9RCCm9Aw21Wetyy28Gfgg.JPEG%2Fupload_950e09510ac1e27aaa33edd8ee42d790.jpeg
리케리케,대전,cafe,4.35,"""1층은 애견동반이 가능하다 젊고 세련된 분위기의 카페.""",https://search.pstatic.net/common/?autoRotate=true&quality=95&type=w750&src=https%3A%2F%2Fmyplace-phinf.pstatic.net%2F20220213_114%2F1644743163296jUDet_JPEG%2Fupload_16ddd31d8a8bc5c256adcdae5f24b77a.jpg
린치핀,인천,cafe,4.61,"""커피 맛있습니다 매장도 깔끔하고 직원분들도 친절하시고 애견동반이라 굿입니다""",https://search.pstatic.net/common/?autoRotate=true&quality=95&type=w750&src=https%3A%2F%2Fpup-review-phinf.pstatic.net%2FMjAyMjA4MTlfMTc0%2FMDAxNjYwODM3MjY5NTIy.u_cAw4A9tBzNwTnZpqik3Ej1OI-J9_b-T2knQzEaS9gg.k-OXMx1n_82YiFiJzvBZe3cSgZ8Fro107W6r_lGWw20g.JPEG%2Fupload_13cdd16c0ed2a0ea1cc1525886a5b101.jpg
멍때리자,전북,cafe,,"""날좋을때 간판 그대로 멍때리기 좋은 곳 허나 애견동반 하는 고객이 많고 날이 좀 더운 지금은 이용하기엔 힘들듯""",https://search.pstatic.net/common/?autoRotate=true&quality=95&type=w750&src=https%3A%2F%2Fpup-review-phinf.pstatic.net%2FMjAyMjA4MDFfMjkw%2FMDAxNjU5MzM0NTUxNzE3._pJswJeiiChkPXFDwa-TIN6EuJpQpbgefkUNhtwCB6kg.OWgSB-du03_SBWIXMqb41aCRvSs8UZrkdQP9mAdJPAsg.JPEG%2Fupload_69a697ab118706ac0c652a3257fe0ebf.jpg
메나쥬,경남,cafe,4.61,"""... 별관, 분수가 있는 야외정원, 미니 산책로가 있는 밀양 애견동반카페""",https://search.pstatic.net/common/?autoRotate=true&quality=95&type=w750&src=https%3A%2F%2Fpup-review-phinf.pstatic.net%2FMjAyMjA4MjBfODIg%2FMDAxNjYwOTg3NzY2OTA4.kkRqm2Omv2KTEkp4MBWx6WY1fvTEV0VRt_DWuna0zpsg.-1Vs8LOOH5KXXWaD-fBpJ6oX8YvWVe87-IrMptk3hkwg.JPEG%2Fupload_b72debe7073956628f9b76e8049d0073.jpeg
메이킷 카페,서울,cafe,4.61,"""애견 동반 가능한 카페로 애견 용품도 팔고 애견 전용 음료도 있었어요.""",https://search.pstatic.net/common/?autoRotate=true&quality=95&type=w750&src=https%3A%2F%2Fpup-review-phinf.pstatic.net%2FMjAyMjA3MDFfMTIx%2FMDAxNjU2NjY4Mjc3NDEy.uLhYKvsIhs96nHTIj3p3ELFbFHgOxM003m-Y7nmj2gAg.uvGRXynpqJI7CpZcM1MhrlPN4Xn6TVj_Sn_bMiy6Wl0g.JPEG%2Fupload_50b53f081cc292b94b4ada75db6cf6bb.jpeg
몽그레 제주공항점,제주,cafe,4.72,"""애견동반인데다 조용해서 너무 좋았습니다~""",https://search.pstatic.net/common/?autoRotate=true&quality=95&type=w750&src=https%3A%2F%2Fpup-review-phinf.pstatic.net%2FMjAyMjA4MDFfMTY4%2FMDAxNjU5MzQwNTUxMDgy.UJkWqbdffGaeXROgUtJnbe27crFsnnCzdUNpUs7rQVkg.lT2LG9NxqmCPUmu-4H-Ndh2s5BfsDA0eYfjSBhdXvNEg.JPEG%2Fupload_95bdbc6effa9c1279663fcb0df2ee4e1.jpeg
몽쥬이에,광주,cafe,,"""옆에 계곡도 있고 야외자리가 많아요 애견동반 가능하고 좋아요""",https://search.pstatic.net/common/?autoRotate=true&quality=95&type=w750&src=https%3A%2F%2Fpup-review-phinf.pstatic.net%2FMjAyMjA4MjBfMTg1%2FMDAxNjYwOTc2MDM0OTUz.-aMXCc0fsNQI_-T690bBp5HeXlNDdhQazucw0CA0MOgg.WmNdJLVbRfXGWxFNGuIMaapM8AEv5ygOhDS6oawYPVcg.JPEG%2Fupload_43c0b2d82ba1b30fedbb6de72aff6f94.jpeg
미스틱3도,제주,cafe,4.4,"""카페인데 엄청난 정원이있습니다.애견동반도 가능합니다""",https://search.pstatic.net/common/?autoRotate=true&quality=95&type=w750&src=https%3A%2F%2Fpup-review-phinf.pstatic.net%2FMjAyMjA3MTdfNTkg%2FMDAxNjU4MDUxOTMzMzIz.LFwZyIWcOzBziQ99nZx4d5GDHGlaIe-5exTwSQMGYlYg.8IDD7xdTidJoMTmCibvsWTzEXtVmVuBZ9PRNdLX2HSYg.JPEG%2Fupload_0084b57a46191a36aa2d11be34729b35.jpg
밀크레페,전남,cafe,4.47,"""예술적인(?) 공간이 많은 카페, 애견 동반 가능하며, 주차장이 넓습니다.""",https://search.pstatic.net/common/?autoRotate=true&quality=95&type=w750&src=https%3A%2F%2Fpup-review-phinf.pstatic.net%2FMjAyMjA4MTZfMjMw%2FMDAxNjYwNjMxNzQ5MDE1.96TeElSKyQ49IH1T9hpncM8agGOSVWkDfs8Rya0e9W4g.0PE1Rns-JvUXlPCqjIrU2G1L6knQYicrMHs4nj1zrEsg.JPEG%2Fupload_63ba2ecc62b1e349cd0097ef10a5f89f.jpg
바다정원,강원,cafe,4.34,"""경치좋고 애견동반 가능하고 빵도 맛나요""",https://search.pstatic.net/common/?autoRotate=true&quality=95&type=w750&src=https%3A%2F%2Fpup-review-phinf.pstatic.net%2FMjAyMjA3MzFfMTg5%2FMDAxNjU5MjM4ODUxMDc4.S4btjwTHztcNxJk8PGBsCy8LqAomNZIp6z93knBJawAg.KmCRbWsarXrcetYC4lomu0jB2SH1HwiHGuJFPjgwX5Yg.JPEG%2Fupload_88b04233d6acebbaf156231181dd546a.jpeg
바잇미 신사점,서울,cafe,4.49,"""동물농장에도 나온만큼 상당히 유명한 강남의 애견동반카페.""",https://search.pstatic.net/common/?autoRotate=true&quality=95&type=w750&src=https%3A%2F%2Fpup-review-phinf.pstatic.net%2FMjAyMjA2MDNfMTYx%2FMDAxNjU0MjI4NTEyMDA1.LvjT0sCewlWAFA7c4W8CkzXwmgDa02FL-eVXFyOwvp0g.dJU3L5XjYJhadF11Nwm-0KKDPjy0WZ44xPVHr3oWUWgg.JPEG%2Fupload_5d525cf8a40a022576732163e4904927.jpg
볕이드는곳벧디,제주,cafe,4.44,"""애견동반 가능해서 강추 강추 숲속힐링 느낌충만""",https://search.pstatic.net/common/?autoRotate=true&quality=95&type=w750&src=https%3A%2F%2Fpup-review-phinf.pstatic.net%2FMjAyMjA3MjNfMTEz%2FMDAxNjU4NTQ4NTgwNjQ3.X6fpgwmeCdN4YL3DW1AESOTwMfBGWD6eYn0f4pb_Wa8g.LlvIolmVpOScPbZueA5N_JSwRwY1jfhb6H4goR-Me4Eg.JPEG%2Fupload_906ed26c410d083c05da6af2eba910ca.jpg
보사노바 커피로스터스 삼척점,강원,cafe,4.44,"""1층에는 애견 동반하여 즐길 수 있는 공간이 있어 보기 좋았습니다.""",https://search.pstatic.net/common/?autoRotate=true&quality=95&type=w750&src=https%3A%2F%2Fpup-review-phinf.pstatic.net%2FMjAyMjA4MTJfNTIg%2FMDAxNjYwMjgyODYwNjM0.i71EnkQOJFujkt-C0iASGj-LaYuXJlygaUdTYSBWfW0g.a2K9Fv_QzHJq4DbvzBhweA5mj6stpCDBrMRKBjZURIQg.JPEG%2Fupload_b2ed1b58f1a147ef85b79bef18b74197.jpg
봄날,제주,cafe,,"""뷰맛집.커피 맛집.말이 필요없곳.이동장에 넣으면 애견 동반도 가능해요.""",https://search.pstatic.net/common/?autoRotate=true&quality=95&type=w750&src=https%3A%2F%2Fpup-review-phinf.pstatic.net%2FMjAyMjA3MzBfMjcz%2FMDAxNjU5MTkxNzk2ODUz.oEk8pc4zCh8AlWQeKKgayjaDEf5PEZQb7sdoiYUU7VYg.ZxeQIQdbHwIcSAFiIYCVMLN5XHgyViGwSFE-D7Kyzxkg.JPEG%2Fupload_3cd8207689cf1145c3e719826852ce9f.jpg
브라운피크닉,부산,cafe,4.61,"""강아지를 키우고 있다면 동반방문해서 꽤 만족도 높을수 있다.""",https://search.pstatic.net/common/?autoRotate=true&quality=95&type=w750&src=https%3A%2F%2Fpup-review-phinf.pstatic.net%2FMjAyMjA3MDFfMTM5%2FMDAxNjU2NjQ0MTgyNDM4.VVDabWoFxaWNQk5Q5HXVrgoW7OjVW3nMj4-VFDXkGAYg.qAoOMBG3tBS4YIH4TJVfQa2mj3IuMzv7kyentVatLccg.JPEG%2Fupload_1584cd21095c67194295acec86410422.jpeg
블랑주리,광주,cafe,4.57,"""... 오늘 애견과 동반 하였습니다""",https://search.pstatic.net/common/?autoRotate=true&quality=95&type=w750&src=https%3A%2F%2Fmyplace-phinf.pstatic.net%2F20220101_136%2F1641023797693aco7h_JPEG%2Fupload_4d0b21bbabac97d1b42f820833af3459.jpeg
산동교카페,광주,cafe,4.31,"""애견동반카페로 편안하고 위치도 좋아요""",https://search.pstatic.net/common/?autoRotate=true&quality=95&type=w750&src=https%3A%2F%2Fpup-review-phinf.pstatic.net%2FMjAyMjA2MTVfMTQ0%2FMDAxNjU1MjU5MzU2OTEy.W2bntABOtTeKqL3ksndbVuJNVQiB2ZjhwttGTMX_QZog.qR502asrsDFnBIeLeI5rDMZjfSbHqb5Ug03_rW1ahPEg.JPEG%2Fupload_faf38c9431a520c6c94039adfcaa1c0d.jpg
서원안길,인천,cafe,,"""집가까이 이런 애견동반카페라니 알았으니 자주가려구요.""",https://search.pstatic.net/common/?autoRotate=true&quality=95&type=w750&src=https%3A%2F%2Fpup-review-phinf.pstatic.net%2FMjAyMjA2MjVfNDMg%2FMDAxNjU2MTM3MDM2Mzk2.AhUIsKWSytKjuGfh0MX6JrBuzGllbT40M1vB9GNtilkg.tvMRYCp1AVqc0nxsEv71JaNS6imVD-Dto1UU041QUkkg.JPEG%2Fupload_da5ed5e39fbcad9c4262bba07628fbd0.jpg
솔루나 카페&펍,제주,cafe,4.71,"""실내외 애견동반 가능해요~~~~~!""",https://search.pstatic.net/common/?autoRotate=true&quality=95&type=w750&src=https%3A%2F%2Fpup-review-phinf.pstatic.net%2FMjAyMjA2MzBfMjIx%2FMDAxNjU2NTU3NzAxMTI5.yABWsD3t2qM_h-mwo3YdkEAoHNMdOcmsbT2mPyO8Pwsg.h0zae125ecOx0SJI85FUkimbcDEbUHlNTX02nUQApWIg.JPEG%2Fupload_dd732767b9553ca866a4978ba003f302.jpg
스윗유,인천,cafe,4.55,"""... 애견동반 할수있는 실외공간이 있어 좋아요""",https://search.pstatic.net/common/?autoRotate=true&quality=95&type=w750&src=https%3A%2F%2Fpup-review-phinf.pstatic.net%2FMjAyMjA3MDFfMTc1%2FMDAxNjU2NjcxMDM2MDE3.3WctnvTSuap3AIm4rcHrk8P6MAn_rbQn0zDDPZhsWN8g.CemxJOq6Rd7AwPN7MOEnbCYA5dfyXzCj-3JT6mp74z8g.JPEG%2Fupload_fe452aee65270e85472e190bb4098a55.jpeg
스태픽스,서울,cafe,4.3,"""반려견동반카페라 반려견과 같이 오실분들은 좋을것같습니다.""",https://search.pstatic.net/common/?autoRotate=true&quality=95&type=w750&src=https%3A%2F%2Fpup-review-phinf.pstatic.net%2FMjAyMjA2MDdfOTAg%2FMDAxNjU0NTYwMDMxMzY0.A1GCiwzSR8x7uWxk1P4BoVpiZ5ascmtqQuetwJwQWD0g.3VknpNIjYcSdaQBjLI-EArzu3yUTQsuyBzIDHP7TsRsg.JPEG%2Fupload_8af97a08982bf1fdff77335cff19edc2.jpeg
슬로우무드,광주,cafe,4.51,"""조용하고 애견동반 가능이라 좋았어요""",https://search.pstatic.net/common/?autoRotate=true&quality=95&type=w750&src=https%3A%2F%2Fpup-review-phinf.pstatic.net%2FMjAyMjA1MTdfMTE1%2FMDAxNjUyNzgwNjM0NDQ0.JIm2bA0NQCfFBiLZ71BGnKC2eg1KJLdMzNFX6SRsu0og.Ty928w_LoYNhHLKwrWg3U64E-zC41HU9xaORe_3o4yQg.JPEG%2Fupload_79d78e9dc4d77c836ab262c10c214c4b.jpeg
시선310 간절곶점,울산,cafe,4.5,"""브런치는 별로임.애견과 동반하기 좋아요""",https://search.pstatic.net/common/?autoRotate=true&quality=95&type=w750&src=https%3A%2F%2Fpup-review-phinf.pstatic.net%2FMjAyMjA4MDlfNjQg%2FMDAxNjYwMDQ2ODEzNTI3.3oypnsl2o2Szwk6nvycSF6Fbb2i6JBCqLgb66GKqvCkg.52bFhWCUwxBVgUI0R3Y021jxXXz8HxaLEPXTujyXe9og.JPEG%2Fupload_06aa4515af9099ef210acce5dae1b15b.jpg
시크릿가든,경북,cafe,4.31,"""1인 1잔.. 애완견 동반되지만 실내 입장금지예요.""",https://search.pstatic.net/common/?autoRotate=true&quality=95&type=w750&src=https%3A%2F%2Fpup-review-phinf.pstatic.net%2FMjAyMjA4MDZfMjk5%2FMDAxNjU5NzYxNDg2Mjk4.Jnl1eCWxyQ-aG4FGVVJ4MLZIM5tutWm0X-7KKyFYKYIg.dPJmo4ADwlCJm3sVGeI-gsPRmNPsTbWc9DfkwE8EKwEg.JPEG%2Fupload_44f521d1ab73ecb32f1c0240e9edfb07.jpg
쏠티캐빈,강원,cafe,4.4,"""반려견 동반 가능한 카페""",https://search.pstatic.net/common/?autoRotate=true&quality=95&type=w750&src=https%3A%2F%2Fpup-review-phinf.pstatic.net%2FMjAyMjA3MTZfMzAw%2FMDAxNjU3OTQyNjAxNjY2.whwuI2mNIHmWw8UqylGzuUekb4OCLrOfS9BuZUdTkisg.gXlAHWkN6bV8bZLKDYNxO3SftZuEoxTC9G0Fr7Hkkjsg.JPEG%2Fupload_cbae9a988a6ba9d1919b484fa538d67c.jpg
아띠375,경기,cafe,4.41,"""야외테이블에 애견동반 가능 공간도있어요""",https://search.pstatic.net/common/?autoRotate=true&quality=95&type=w750&src=https%3A%2F%2Fpup-review-phinf.pstatic.net%2FMjAyMjA3MjBfMTk4%2FMDAxNjU4Mjk0NjkwNDgy.cpfqrJxFQ2F52UuL9YJ8Hp8weCrYs6CmVO2iYpioOQwg.MAwqfBhhkqazCvdQGZwYKlK2BZBwDsHa80JQhZnMib8g.JPEG%2Fupload_b149fc2fae8c56aa2039aebc7530dea7.jpg
아라커피,강원,cafe,4.43,"""애견동반 카페라고 해서 찾아갔다.""",https://search.pstatic.net/common/?autoRotate=true&quality=95&type=w750&src=https%3A%2F%2Fpup-review-phinf.pstatic.net%2FMjAyMjA1MzBfMjEw%2FMDAxNjUzOTIwMzQ4NTEw.wq9CBo8GcvFvHmGP8LErhBpvG4CeIttZDKnrazpLUvkg.Ipkx73scKlkln0Ccjszf1TQOHDbgj_uydmm74FLcdW4g.JPEG%2Fupload_6a0c45d4d79249562049893b2fd5ce56.jpg
아오라,경북,cafe,,"""애견동반카페, 음식도 맛있습니다 ㅎㅎ""",https://search.pstatic.net/common/?autoRotate=true&quality=95&type=w750&src=https%3A%2F%2Fmyplace-phinf.pstatic.net%2F20220217_194%2F1645106052996MAJ6A_JPEG%2Fupload_5cd0c8ed138d716e25f58f3fed1bd851.jpeg
아트빈,충북,cafe,4.5,"""가족동반이나 연인 모두에게 좋은 장소. 넓은 장소""",https://search.pstatic.net/common/?autoRotate=true&quality=95&type=w750&src=https%3A%2F%2Fpup-review-phinf.pstatic.net%2FMjAyMjA4MTZfMTU0%2FMDAxNjYwNjM2MjU2OTEz.bL_yEhT98RVm4VbqHhJvDzHycfau6Gh7gwZwMco5SYUg.4oal-WoovNFyiDq0SJIYDR8N2Jdr32LRGR6hgKry1Vgg.JPEG%2Fupload_8cb0424a8762af7efb1cc5220ec71481.jpeg
알티테라스,경북,cafe,4.38,"""애견동반 가능,3층까지의 넓은 가용공간 커피맛도 좋았다""",https://search.pstatic.net/common/?autoRotate=true&quality=95&type=w750&src=https%3A%2F%2Fmyplace-phinf.pstatic.net%2F20210627_298%2F1624724016423kOJOM_JPEG%2Fupload_59f14db22bfa848a16548f56cbe90acf.jpeg
애월더선셋,제주,cafe,4.31,"""뷰가 아름답습니다 애견동반가능""",https://search.pstatic.net/common/?autoRotate=true&quality=95&type=w750&src=https%3A%2F%2Fpup-review-phinf.pstatic.net%2FMjAyMjA4MTNfMTI3%2FMDAxNjYwMzcwNDcxNDgx.tXrKFn6GUdfao4KMB0XprGk1SenJlYf5TFmaYcUsSrgg.xdrWSWnfnbnIKhXsWWZfYrrHHUHqlrMIrEoV7vHXXuUg.JPEG%2Fupload_fc4d73f91f8892845d43c37b3dbc3536.jpeg
앤드테라스 내유점,경기,cafe,4.51,"""애견동반 카페 / 일반 카페 두군데로 나눠져있는 완전 큰 카페!!!""",https://search.pstatic.net/common/?autoRotate=true&quality=95&type=w750&src=https%3A%2F%2Fpup-review-phinf.pstatic.net%2FMjAyMjA3MDNfMjg1%2FMDAxNjU2Nzc5NjMzOTkz.cKaPRYasnJqR15L0cgfrWl0PSiZmVzY138H3Sglw1nkg.x01zQLrOxcOK2892qu5GcEnk2rHi7UNEyhXBFL4BUYgg.JPEG%2Fupload_56fc8723a1897ee730b6d4e68d93161c.jpg
앵두나무카페,서울,cafe,4.71,"""애견동반 산책하기 좋은 곳""",https://search.pstatic.net/common/?autoRotate=true&quality=95&type=w750&src=https%3A%2F%2Fpup-review-phinf.pstatic.net%2FMjAyMjA1MTdfMjkz%2FMDAxNjUyNzcxMzIyMzE2.m2O50uKhuc8H7pNGGklBzFqEiYXBejZFV3rQKL3pE9wg.0SEPjHsxTrAbjaWKHMrE5xz_5Ia-PG1FhTg-P95WQ1kg.JPEG%2Fupload_2836ca548fffb6521de65e9181ebf062.jpg
어라운드데이,서울,cafe,4.55,"""애견 동반 카페라 가끔 보이는 댕댕이들도 너무귀여워요 ㅎㅎ""",https://search.pstatic.net/common/?autoRotate=true&quality=95&type=w750&src=https%3A%2F%2Fpup-review-phinf.pstatic.net%2FMjAyMjA2MjBfMTY0%2FMDAxNjU1NzA0NTIzNTQ0.A22NeM05PhiY4dFkoHK1IaJJsUuPFiuBGP8HzfCdTKQg.w_67EAcCYvSHroBGu-rBrUElvaIKHoWG-3PvIRT1RBYg.JPEG%2Fupload_3471c521df28b991d9463b1650e929bd.jpeg
어라이브,전북,cafe,4.44,"""강아지동반되고 좋아요ㅋ빵도맛나용ㅋ""",https://search.pstatic.net/common/?autoRotate=true&quality=95&type=w750&src=https%3A%2F%2Fpup-review-phinf.pstatic.net%2FMjAyMjA3MTBfMTEz%2FMDAxNjU3NDU0MDc4MjIw.K1n_bFDRIp7_IS8nXWgK-gdD4EuTNwxt5iPwirvqeH4g.utk2L19SnvI7pS9mzUIz1gLy0emwnteClrAVH7G_MDsg.JPEG%2Fupload_e908242d05f6a0906e04fdbc43db2041.jpeg
어반플레이스,경기,cafe,4.63,"""애견동반가능한 야외라서 좋음""",https://search.pstatic.net/common/?autoRotate=true&quality=95&type=w750&src=https%3A%2F%2Fpup-review-phinf.pstatic.net%2FMjAyMjA4MTBfMTY0%2FMDAxNjYwMDk2NTg3OTU2.Te3uVO2H553hb0E5f8LcE2AFg68ZsqA-v3jMkqLrhycg.J4_V-mFZVhEiUo-AtATHlbYnXjbMl6TuOUSOQWSq-R4g.JPEG%2Fupload_d9a78979d824694d22d9d7a520848afc.jpg
어웨일카페펍,경남,cafe,4.43,"""애견동반 가능 사진맛집 전망 좋고 예쁜 카페""",https://search.pstatic.net/common/?autoRotate=true&quality=95&type=w750&src=https%3A%2F%2Fpup-review-phinf.pstatic.net%2FMjAyMjA3MTJfMjU5%2FMDAxNjU3NjA1MTYxNTQ5.9GlWIPIbknIHXtoI_0e-Zm-GLYPA9xAIeq9zh7Q04BIg.HM4BRyx5_YIoJlUu2Pd6OHOdfLGj61cotdQchLuz384g.JPEG%2Fupload_58aefc63f10ea08415654433d7c4b15b.jpg
어음분교1963,제주,cafe,4.43,"""아이들과 동반하면 사진찍기도 좋고 운동장과 놀이터에서 같이 놀기 좋아요""",https://search.pstatic.net/common/?autoRotate=true&quality=95&type=w750&src=https%3A%2F%2Fpup-review-phinf.pstatic.net%2FMjAyMjA4MDRfMTY4%2FMDAxNjU5NjAxMDkwMTU4.b4DwaB1oWjJY79BoPhpDHyxEiNbcTYt0FcrD_XzeKxsg.jzEkrdtBr7OkoQ6Ok6HN1j8vr8p8OC0JZxbGhC6Jtmcg.JPEG%2Fupload_bf064c0f5bd86d0971c4f0f9f7666ee2.jpg
에클로그,충북,cafe,,"""애견동반은 야외만 가능하니 참고하세요~""",https://search.pstatic.net/common/?autoRotate=true&quality=95&type=w750&src=https%3A%2F%2Fpup-review-phinf.pstatic.net%2FMjAyMjA4MDNfMTg5%2FMDAxNjU5NTM0ODcxNjcw._X9GyVhSGxf2F--4DZmawcAEUeC00SuQketiRAR84msg.y280i-zz1lHEp2_DTmQRFrC_C076IdyiMsaI6jo1E7gg.JPEG%2Fupload_784099d56c9b8f3773afe97c993ba319.jpeg
엘룬,부산,cafe,4.41,"""너무맛있어욯ㅎㅎ분위기도 좋고 애견동반하기도 좋음""",https://search.pstatic.net/common/?autoRotate=true&quality=95&type=w750&src=https%3A%2F%2Fpup-review-phinf.pstatic.net%2FMjAyMjA4MTBfMjUx%2FMDAxNjYwMTAzMjc4NzA1.vVByRXtD_prEK-gdXcAW9RkcaGE25yjYATTMOn7qxlAg.yGrUot1AvPPE6OpNSB45dszwTrLKpXUuvdp1NSMpUfMg.JPEG%2Fupload_dd6cb12b886e44a28dd8597dc79e5a68.jpg
엠블럭,경기,cafe,,"""애견 동반 가능해요.""",https://search.pstatic.net/common/?autoRotate=true&quality=95&type=w750&src=https%3A%2F%2Fpup-review-phinf.pstatic.net%2FMjAyMjA3MjlfMjIw%2FMDAxNjU5MDY0OTc4MTkz.I8XBG8Rn6nfkbjM5GHfu1VOZp6qehhuOUhc1taVY6qMg.C8XlNF0AECYdcntnhwbsuc50lnen6OM2rZfzAKBqlOgg.JPEG%2Fupload_1943dcb3710861ca04a690cfdace3267.jpeg
엠비언트,경북,cafe,4.41,"""애견동반도 되고 너무좋았어요ㅎ""",https://search.pstatic.net/common/?autoRotate=true&quality=95&type=w750&src=https%3A%2F%2Fpup-review-phinf.pstatic.net%2FMjAyMjA3MDhfMTE1%2FMDAxNjU3Mjg0ODQ2NzU5.0vfkxIF6Te-Hn87VIgm5D7l3-iiVgXGDzMPNek0jIZIg.Apm7TWjjceU52Psp2RFJgg-lu_na7IRESqm0n0R-BqQg.JPEG%2Fupload_784caa1a75f6c34e45f240637da4a294.jpg
영글다,경기,cafe,4.15,"""가격이 비싸요 애견동반카페에요""",
오던,경북,cafe,,"""애견동반 이용이 가능해서 개를 데리고 오시는 이용객도 많네요.""",https://search.pstatic.net/common/?autoRotate=true&quality=95&type=w750&src=https%3A%2F%2Fpup-review-phinf.pstatic.net%2FMjAyMjA3MjBfMSAg%2FMDAxNjU4MjkwNDUzNjg3.EB2uhDk8WNqlbsGGQ04JNx3HsXFCSTg4MWnrOeH7JoYg.6yeGNha03hoq3mYiGF6pjpyD1ezVAUpRQ5Ylzl9_BjUg.JPEG%2Fupload_e8ab93fc096250d1a7c328d53cc9f6ef.jpg
오던,경북,cafe,,"""넓게 탁트인 카페 애견 동반 실내 실외 가능""",https://search.pstatic.net/common/?autoRotate=true&quality=95&type=w750&src=https%3A%2F%2Fpup-review-phinf.pstatic.net%2FMjAyMjA3MjBfMSAg%2FMDAxNjU4MjkwNDUzNjg3.EB2uhDk8WNqlbsGGQ04JNx3HsXFCSTg4MWnrOeH7JoYg.6yeGNha03hoq3mYiGF6pjpyD1ezVAUpRQ5Ylzl9_BjUg.JPEG%2Fupload_e8ab93fc096250d1a7c328d53cc9f6ef.jpg
오후애,경북,cafe,4.41,"""애견 동반가능 하고 음료자체가 이쁘고 맛도 좋아요""",https://search.pstatic.net/common/?autoRotate=true&quality=95&type=w750&src=https%3A%2F%2Fpup-review-phinf.pstatic.net%2FMjAyMjA4MTRfMTQz%2FMDAxNjYwNDgyMjUxNDY5.3tWcSs1xK8KVGu_D9Gxod9y21r0jDNQTtc50WFuqJSEg.9o6goNrScuTucvbVyqrh5GuHlgOp7n5AryYrmfMQZcsg.JPEG%2Fupload_76d497f19d260c9746b0b1a766854b45.jpeg
온어스 ONUS,부산,cafe,,"""나쁘지 않으나 동네사람 아니면 접근성은 안좋다 애견동반 가능하다""",https://search.pstatic.net/common/?autoRotate=true&quality=95&type=w750&src=https%3A%2F%2Fpup-review-phinf.pstatic.net%2FMjAyMjA4MDNfMTAy%2FMDAxNjU5NDg0MjQ1NzQw.MrBPpbsos9hDVVTeY_p9J4dcnRqncB6it01XO_Jn9scg.OWiMZYNbTSPSPrZ1LSfhKdLT17sB0ZGIRLCMwivwuuEg.JPEG%2Fupload_863c61541913ca7bc4f461594519060f.jpg
요새,경기,cafe,4.3,"""애견동반시 외부 테라스만 이용 가능함.""",https://search.pstatic.net/common/?autoRotate=true&quality=95&type=w750&src=https%3A%2F%2Fmyplace-phinf.pstatic.net%2F20220417_54%2F1650194781262dYtAt_JPEG%2Fupload_8f175cbed62b1c8ed02df09d6e60cfab.jpg
요우르,제주,cafe,4.91,"""강아지 동반가능해요(케이지 or유모차)""",https://search.pstatic.net/common/?autoRotate=true&quality=95&type=w750&src=https%3A%2F%2Fpup-review-phinf.pstatic.net%2FMjAyMjA4MDlfODYg%2FMDAxNjYwMDIyMTg4NzY3.nsSTxB_3nobVBHxnu2YDZ3A7UT9mzc-lUtZfPOMboHcg.s_sV4ZSXZdcpJ0fBfadlNvefB4isVpB8lglTrvgB6_kg.JPEG%2Fupload_e3a578aa2cabea76d3f0401ac3cc66e7.jpg
우리들의공간커피&펍,세종,cafe,,"""남한산성 광주방향으로 새로 오픈한 애견동반 가능한 카페(실내는 가방에).""",
원데이오프,전북,cafe,4.46,"""애견동반카페?라고 본거 같은데... 지뢰 조심하세요 :)""",https://search.pstatic.net/common/?autoRotate=true&quality=95&type=w750&src=https%3A%2F%2Fpup-review-phinf.pstatic.net%2FMjAyMjA4MDJfMjUg%2FMDAxNjU5NDMzMDY2MDQ0.0LK2k6VgYLqRYaGhUk0z8axaXz7SIJtJFRWVXVjh1R8g.WG4KcZwbPdiru3SPrnFK3FagOcvKmFJoX_nTf1_eHQkg.JPEG%2Fupload_9cb7ff941fb353f94008ce24cc3ee21c.jpg
월든무인커피,경남,cafe,,"""애견 동반이라 같이 데려갔어요.""",
위드모데스티,대구,cafe,4.67,"""야외테이블,루푸탑은 애견동반가능 음료도 크로플도 맛있어요!""",https://search.pstatic.net/common/?autoRotate=true&quality=95&type=w750&src=https%3A%2F%2Fpup-review-phinf.pstatic.net%2FMjAyMjA1MDFfMjE4%2FMDAxNjUxMzM0ODE5ODA2.qn9R-eR-R1-ui3NX_zHo64fkwDj_SCRZLMqNC0sU3skg.R2r1NVUDHhit0NK_mb0Jc03f2Kyuuz4I6zH-vrjQbmEg.JPEG%2Fupload_3a0a8c26a075bb208bd4c345e99a4d12.jpg
유알마인,강원,cafe,4.4,"""애견동반하시는 분들은 좋을거같아요.""",https://search.pstatic.net/common/?autoRotate=true&quality=95&type=w750&src=https%3A%2F%2Fpup-review-phinf.pstatic.net%2FMjAyMjA4MDhfNTQg%2FMDAxNjU5OTUwMjUwMDYw.2LxJy3Fa_ujpt2-ar51ZVNfYlQrN4j9vWdMsBLH2M8Qg.XW3XdiW1MGcI3w7GjqcvzKLNbX1qiHVaMIhggGJzjSMg.JPEG%2Fupload_0eb9a19bcce899d9c7542ec0e4bcbf60.jpg
유일라운지 카페,서울,cafe,4.49,"""애견동반 가능한곳 메뉴에 없는줄 알았던 차 있었네요ㅎㅎ ㅡㅡㅡㅡㅡ ...""",https://search.pstatic.net/common/?autoRotate=true&quality=95&type=w750&src=https%3A%2F%2Fmyplace-phinf.pstatic.net%2F20210509_290%2F1620563737342UgOKr_JPEG%2Fupload_abed9e7d5f0c6cb40754225382db61ca.jpg
은율당,경남,cafe,4.54,"""분위기 좋아요 커피도 디저트도 맛있습니다 애견동반카페입니다""",https://search.pstatic.net/common/?autoRotate=true&quality=95&type=w750&src=https%3A%2F%2Fpup-review-phinf.pstatic.net%2FMjAyMjA3MjdfMjAx%2FMDAxNjU4OTEwODA1NTEx.6IcWsHLM4JrAUHGgnfZP6UsFoiLit_EKScn81C2rEeAg.pWIQ9O_KAnFFg9-SY2tRFhLbeJRpBt1mDhgIQMHnQSwg.JPEG%2Fupload_ba91bd6e8fb6b0e8f44d989b7b4da99c.jpg
이너프,제주,cafe,4.36,"""잘 정돈되어있는 정원 애견동반이 가능하다.""",https://search.pstatic.net/common/?autoRotate=true&quality=95&type=w750&src=https%3A%2F%2Fpup-review-phinf.pstatic.net%2FMjAyMjA4MDhfMjA0%2FMDAxNjU5OTI4ODM2MTk4.oFOkZHwej_sS1wN3TIREGx7wZE1HiLdt1sJ3yNesjbEg.-TmZGQoGTuvnFab79Cj4vA2uFwIDBbsPAIPGxPDu_iMg.JPEG%2Fupload_29d68f9a7adc8635ca5cd86ec47b2ef0.jpeg
이이로 커피,경북,cafe,4.52,"""애견 동반카페 같이 갈수있는 장소가 있다는 것에 큰 점수...""",https://search.pstatic.net/common/?autoRotate=true&quality=95&type=w750&src=https%3A%2F%2Fpup-review-phinf.pstatic.net%2FMjAyMjA3MTFfMTQ2%2FMDAxNjU3NTI1NDYzNjQz.T_3ZT6eTewtOPxbJJXlhcILRqB4baOdVELUAyNPUUd4g.Ctme608WY19fwhQY6E5rxb5yUEm2HSNlzmVMdYUtkZMg.JPEG%2Fupload_dd7eacfc60b623100ce51c044bc0b678.jpg
인솔커피 상수점,서울,cafe,4.55,"""애견동반 가능. 베이커리 다양. 케이크 맛있음. 커피는 더맛있음.""",https://search.pstatic.net/common/?autoRotate=true&quality=95&type=w750&src=https%3A%2F%2Fpup-review-phinf.pstatic.net%2FMjAyMjA2MjZfMjQ2%2FMDAxNjU2MjQzODY3ODkx.mQlAFa-v2wpB-sf0i9o3r2JjXWhOZCdmZ6-PYQ20_I8g.BmeEQ_c91oITJwYLyHCkellb4vX9wPXTYrA9Fe6w4sMg.JPEG%2Fupload_15ae9936d72ac3c625052b3ad22030cd.jpeg
일다,광주,cafe,4.55,"""케익이 맛있고 개성있는 카페 애견동반 가능""",https://search.pstatic.net/common/?autoRotate=true&quality=95&type=w750&src=https%3A%2F%2Fpup-review-phinf.pstatic.net%2FMjAyMjA4MTNfNTkg%2FMDAxNjYwMzY1Mjk1ODc0.5H_xeTvWwsLzTfFJLr7uEKeJlZnpk5Kw3Hyy2WKctZkg.EobIc0GLe7XfOYi1rhCRlzvEgPPtCVljMsAYMLf1eu4g.JPEG%2Fupload_741b4249ac5b3c97576524581c84f895.jpg
자연충만,대구,cafe,,"""실내는 안되지만 야외는 애견동반이 가능해서 좋아요.""",https://search.pstatic.net/common/?autoRotate=true&quality=95&type=w750&src=https%3A%2F%2Fpup-review-phinf.pstatic.net%2FMjAyMjA3MDlfMjMg%2FMDAxNjU3MzQ5NTAzNTMz.TqmHL1O7RgRmsAgNj1aiRPzD4GJQlhRRry6jR25ddFsg.hgJ1XoQKAGDJl2qydstxGMg7bymnedLKsAh2F3hf4j8g.JPEG%2Fupload_76e035f2c43f7dba823a4c9461493f21.jpg
자티,전북,cafe,4.42,"""애견카페라서 손님들이 데려온 강아지들도 귀여워요""",https://search.pstatic.net/common/?autoRotate=true&quality=95&type=w750&src=https%3A%2F%2Fpup-review-phinf.pstatic.net%2FMjAyMjA3MTVfMTc1%2FMDAxNjU3ODczNTIyODE4.52bCB1aPXSJ_pCmMbQZLJVEBdgkGS_zlJr8ZW0-zE4sg.QJPSKeL5qbK15s4_Yc4UIdFY0NjngNVYy84SOtQHGOAg.JPEG%2Fupload_8dcd7047521f253496539419b14e890d.jpeg
제이아일랜드,제주,cafe,4.66,"""인테리어도 이쁘고 애견동반도 가능하고, 너무 좋아요.""",https://search.pstatic.net/common/?autoRotate=true&quality=95&type=w750&src=https%3A%2F%2Fpup-review-phinf.pstatic.net%2FMjAyMjA3MThfMTU1%2FMDAxNjU4MTIzNDg2OTU2.-xVwkjB_b3M5OH1iAAxXJeYI3yIUoZC45pYvu-V8zn0g.x8LB6lPhWogLl4909GuRmFLARAFNYlggd704wqxSzVkg.JPEG%2Fupload_8aa164567c17c8459b45086ead98e570.jpg
차미라미,전북,cafe,4.7,"""애견동반이 가능하며, 직원분들도 친절하시고 카페 분위기도 좋다.""",https://search.pstatic.net/common/?autoRotate=true&quality=95&type=w750&src=https%3A%2F%2Fpup-review-phinf.pstatic.net%2FMjAyMjA2MTNfMjUz%2FMDAxNjU1MTI4ODg5ODc1.xogRyMQ9834zZWYLj7hm5X1E5LIjfH2cO9FMVFXE1Fsg.cykxTQsoDLkvAs_INdrLMzUwJJIEodpIJ2hTAnbs1wgg.JPEG%2Fupload_e9020f3851a7dd42859ca0b8b9758e1e.jpeg
카페 가드니아,제주,cafe,4.59,"""비오면 더 운치 있을 듯.. 애견 동반할 수 있어 좋았네요.""",https://search.pstatic.net/common/?autoRotate=true&quality=95&type=w750&src=https%3A%2F%2Fpup-review-phinf.pstatic.net%2FMjAyMjA3MThfNjgg%2FMDAxNjU4MTI2OTUyMTM5.XEPMf8IYl4KRgG6aBC09wfVS8Yc8bDHowjegjbXyMdog.QJgw_0sR8QY1xLPHKtjQL0m8GEd9-clQFPH27uOcMEQg.JPEG%2Fupload_48596bd0b65b8a4e8a0918754e5081ac.jpg
카페 노트,인천,cafe,4.29,"""인천 문학동에 있는 보기드문 애견동반카페입니다.""",https://search.pstatic.net/common/?autoRotate=true&quality=95&type=w750&src=https%3A%2F%2Fpup-review-phinf.pstatic.net%2FMjAyMjA4MDZfMTI3%2FMDAxNjU5NzY4ODAzNjQy.4mjGCnJq8Atfbl2UrXesmi5k3B4zpwZfmSifsHKe-SYg._B-H4ohuGmL7hbO0xSIySnJ9n1m7JmSxbP5EhhKpUbkg.JPEG%2Fupload_e5386b18f15608dcb5d839afdfaf50f2.jpeg
카페 담,경기,cafe,4.49,"""넓고 이쁜 카페 애견동반가능 근데 화장실이 진짜...""",https://search.pstatic.net/common/?autoRotate=true&quality=95&type=w750&src=https%3A%2F%2Fpup-review-phinf.pstatic.net%2FMjAyMjA4MDRfMjYx%2FMDAxNjU5NTk2MjUwOTk2.QGWZ6O03kIMgrYsbTjFVm5U37kzE4X5FjopDMJn-N8Qg.LwlEpCIleRWX_hm63TW23Aw_F_xLScO0n48AhtiV9nUg.JPEG%2Fupload_3617352c2cb0e346ea850a5c73ffb3d4.jpg
카페 더 큰나무 주안점,인천,cafe,4.58,"""인천 시내에 애견동반가능한 카페 중 단연 두드러지는 곳입니다.""",https://search.pstatic.net/common/?autoRotate=true&quality=95&type=w750&src=https%3A%2F%2Fpup-review-phinf.pstatic.net%2FMjAyMjA4MTZfMTAw%2FMDAxNjYwNjQ2MDk2NjU1.2zCX9QNeg3Ka8tA8xmE2l4ManYgy4N07sMOowOrBsVsg.DZWjbueeJqY3_Exn-c4lG2LGX_YFCXn6ojHAmRpbcNYg.JPEG%2Fupload_98555b14f581d1007e13fb608f4373c5.jpg
카페 루시올레,경남,cafe,4.54,"""... 정말 멋졌습니다 음료는 무난합니다 닭도 있고 애견동반이라 좋네요""",https://search.pstatic.net/common/?autoRotate=true&quality=95&type=w750&src=https%3A%2F%2Fpup-review-phinf.pstatic.net%2FMjAyMjA4MTVfMTU5%2FMDAxNjYwNTc0NjY0NDcw.xfxLFPhVNL5DONFuyH1-uCtOj0pwg1qmf3_LIqAOAG8g.NwsuBnSf-Wvo7EjvUOqFq0ZTdGSpIuBpQbcRS6sOwqkg.JPEG%2Fupload_ac4b0be2d8ae2792d7f6748128461f62.jpg
카페 메이플,경북,cafe,4.39,"""강아지「동반」 카페 강아지 풀어놓으면 쫒겨남 꼭 안고있으세요""",https://search.pstatic.net/common/?autoRotate=true&quality=95&type=w750&src=https%3A%2F%2Fpup-review-phinf.pstatic.net%2FMjAyMjA3MjdfMTQ4%2FMDAxNjU4ODg2ODU1MTE1.sVvnrfiA_ks-Z1jqrNDmNCob1Penrntk0CZ51djNRBYg.7_zW4OTC-jzXdlqEHIhJ7br6YcL1ApZAJhN34Kl3pnMg.JPEG%2Fupload_870e9ea10b72fff1d3edc9b669d260e3.jpeg
카페 명지,전남,cafe,4.5,"""애견동반가능 카페로 알고있습니다.""",https://search.pstatic.net/common/?autoRotate=true&quality=95&type=w750&src=https%3A%2F%2Fmyplace-phinf.pstatic.net%2F20220410_164%2F16495913456540kBx8_JPEG%2Fupload_85bb5b9f0505fc50ba9cfd23b959409c.jpg
카페 모안,경기,cafe,,"""애견동반인데 분위기가 조용하고 좋았습니다 커피맛도좋구요~~""",https://search.pstatic.net/common/?autoRotate=true&quality=95&type=w750&src=https%3A%2F%2Fpup-review-phinf.pstatic.net%2FMjAyMjA3MjVfMjkw%2FMDAxNjU4NzIwNTM2Mjcw.oRrMJ5zodrOgm-BrhEfEflDaoM5EYHPDjnOOm5beaVog.2ZqMFIeduo3qKGRUaSE1Em6tK1zA097uRRxwidmlkdYg.JPEG%2Fupload_f41b3d094d040b3819c49aa04fa92cdf.jpg
카페 수피아,울산,cafe,4.57,"""애견동반 가능한것도 좋은요소""",https://search.pstatic.net/common/?autoRotate=true&quality=95&type=w750&src=https%3A%2F%2Fpup-review-phinf.pstatic.net%2FMjAyMjA3MTBfMTg0%2FMDAxNjU3NDQ1MzE2ODA0.VcEOABk3dOLcRAn9Bu4Cg10sXgK-TVQNe_HNoSkYDKog.4578RuOpLYe8CDs5io3YEGHQ1lXKP7KtS8DJj73nRTIg.JPEG%2Fupload_0d6ee6e83fac15c126b9cf84807abc8f.jpeg
카페 아리네,서울,cafe,4.75,"""1층은 애견동반 ㅎㅎ 브런치 30분 걸려 ㅋㅋ 맛은 나쁘지 않음""",https://search.pstatic.net/common/?autoRotate=true&quality=95&type=w750&src=https%3A%2F%2Fpup-review-phinf.pstatic.net%2FMjAyMjA3MjNfMTIx%2FMDAxNjU4NTU2Mjc3NzI5.9LgGXTwrUGopr_Bultqug1oQSZ8-XSsXTfM4HOUlDxYg.k2debOi3khgm_0UTrcheShyWCbc8XtCftcw532qTwfog.JPEG%2Fupload_618ab51d162bd1c2e6b7b148d21ecf1d.jpeg
카페 휘바,경기,cafe,4.23,"""주위에 애견동반 공간도 따로있고 정숙한 노키즈죤도 있어 여러모로 좋았어요""",https://search.pstatic.net/common/?autoRotate=true&quality=95&type=w750&src=https%3A%2F%2Fpup-review-phinf.pstatic.net%2FMjAyMjA3MThfMTQ0%2FMDAxNjU4MDc1ODkxMzMx.1Won9ZkzXtRjUGoEu7Nvz7lJqfQgJLiOcDXAMt56680g.u6dZccZ09Xk8QO-Mu7d41vxUQr6_Zjdi79f5OfxAv7Qg.JPEG%2Fupload_a5241673a733f5b956da5d908dd20d87.jpg
카페0732,울산,cafe,4.42,"""애견동반 아님!!!!!!""",https://search.pstatic.net/common/?autoRotate=true&quality=95&type=w750&src=https%3A%2F%2Fpup-review-phinf.pstatic.net%2FMjAyMjA4MThfMjQx%2FMDAxNjYwODMyNzUwODYw.pvvrug5zB6cIA6ersJ1LeFet1Rkl9-xpXDHXmvKpFIYg.jbI93TxIZzcTzu1Zfmmm91l5ceEm_o-jV1s179CBjAcg.JPEG%2Fupload_50772aa78c81250722c87a36a7d6ed6d.jpg
카페On on,충북,cafe,4.76,"""돈까스와 버섯샐러드 맛있는 애견동반식당.""",https://search.pstatic.net/common/?autoRotate=true&quality=95&type=w750&src=https%3A%2F%2Fmyplace-phinf.pstatic.net%2F20201120_270%2F1605849824624MMVCn_JPEG%2Fupload_edb252da43731ed152568e814251d30d.jpeg
카페공가,대구,cafe,4.44,"""애견동반 카페로는 최고의 조건.""",https://search.pstatic.net/common/?autoRotate=true&quality=95&type=w750&src=https%3A%2F%2Fpup-review-phinf.pstatic.net%2FMjAyMjA3MjhfMjUw%2FMDAxNjU4OTk2ODE0Njg1.1bhLHEtC-oUBBGWzAaCHxLQJ7o2PPKAaTcbBu0L7l0cg.8rQBFtNahTj0LwrpJ_uW5Hxhzt9hu9HKk9krVNTtYxEg.JPEG%2Fupload_73d56baf08a0faa371d2601f6857d63e.jpeg
카페괘릉,경북,cafe,4.42,"""맛있고 사장님 넘 친절하시고~~애견동반시 별채 이용하는데 완전 좋아요!!!!""",https://search.pstatic.net/common/?autoRotate=true&quality=95&type=w750&src=https%3A%2F%2Fpup-review-phinf.pstatic.net%2FMjAyMjA2MDRfMTkz%2FMDAxNjU0MzI1NDgxOTQ4.6WrE71bAjIMhdT1au_FN3pfhz9d_0S1zLtENS77-PLog.e8NqPwc7iO2_jBdzzT1-PY8Af8pSHz0S192Sq7fU21Mg.JPEG%2Fupload_dbe58a6c1a0d6d26ad08dae825b07d5e.jpg
카페굴리엘모커피 송정공원역점,광주,cafe,4.38,"""애견동반 카페라 강아지 데리고 갔더니 강아지가 제일 신났어요.""",https://search.pstatic.net/common/?autoRotate=true&quality=95&type=w750&src=https%3A%2F%2Fmyplace-phinf.pstatic.net%2F20211102_149%2F1635825081555FamlD_JPEG%2Fupload_fc563f2e57f79fe4d742cb555be6da34.jpg
카페도즈오프,강원,cafe,,"""드넓은 잔디밭에 댕댕이들이 뛰어노는 모습이 평화로와요 애견동반카페 중에서도 시설이 좋네요""",https://search.pstatic.net/common/?autoRotate=true&quality=95&type=w750&src=https%3A%2F%2Fpup-review-phinf.pstatic.net%2FMjAyMjA3MzFfMjEy%2FMDAxNjU5MjY2MzcxNzE1.h1CMGaz1i3i71Yec1DYaIjPHyxQRnBMM9jVPQwIhDYIg.ECU7poHFbKyginO-OscBfN-gE3lGN4wDW1EQJZUCZ7cg.JPEG%2Fupload_39d1486d43f189882b0191a1eb8fa6f3.jpeg
카페돌체네,광주,cafe,4.36,"""빙수맛집인듯 ...젊은사장님이계시고 애견동반가능하다네요""",https://search.pstatic.net/common/?autoRotate=true&quality=95&type=w750&src=https%3A%2F%2Fpup-review-phinf.pstatic.net%2FMjAyMjA3MjFfNTcg%2FMDAxNjU4MzgzMTIzMDM3.O39IXUH24UfX_r_EUUuWdJtZgFvbDSu7J4MAzm4wgJAg.KAbC9bhaDfrKBpL5ZKxEbRZMVNpJV066xiG_KuouWtIg.JPEG%2Fupload_4a972a418d40697bab8be7691edbf72b.jpg
카페드하리,충남,cafe,4.54,"""바닷가 옆에 애견동반 카페.""",https://search.pstatic.net/common/?autoRotate=true&quality=95&type=w750&src=https%3A%2F%2Fpup-review-phinf.pstatic.net%2FMjAyMjA4MDRfNTEg%2FMDAxNjU5NjAwNzcxMzgz.IZ1lZM5pjCEZB6FlWahBJBV2S0GMbF5UDnuvHf9JDhkg.nd7MRqmefDVlBNc003W3-tLQ2roIhl1aCs1VA3HEa7Mg.JPEG%2Fupload_92be1fdff7f31d38fee4b4d2ddff451d.jpeg
카페루나,대전,cafe,4.64,"""브런치 메뉴가 다양하고 반려견동반 가능한 까페로 함께 여유롭게 식사할 수 있는 곳""",https://search.pstatic.net/common/?autoRotate=true&quality=95&type=w750&src=https%3A%2F%2Fpup-review-phinf.pstatic.net%2FMjAyMjA0MjdfMTA3%2FMDAxNjUxMDQ3OTk0OTIy.IkKDe75l0IUSHR_Ws8kSpWBITQiwi-9405BeeT1qMZsg.Xi2rZZ5y-XIS2Ilxx6hvJum_nAx1wCBp8XBGQeY0XREg.JPEG%2Fupload_c21198cafad93c612e62f9604cd122cd.jpg
카페마카,강원,cafe,4.47,"""커피 맛있고 가격도 괜챦고 실내 애견동반 가능합니다.""",https://search.pstatic.net/common/?autoRotate=true&quality=95&type=w750&src=https%3A%2F%2Fpup-review-phinf.pstatic.net%2FMjAyMjA4MjBfMjE2%2FMDAxNjYwOTU4MzkwODU3.OMq3nTW5a9PS3z7XEBQt2KsLHWVKWEJ2ErfaN8hvUp4g.HnJbgGURMpSYxpDSMUAzzQ2jAMsKv--JpC-FfVB3JOwg.JPEG%2Fupload_5e70936e55567fb2f25d4db7673d25e2.jpeg
카페모알보알 제주점,제주,cafe,4.39,"""내부 인테리어 독특함 C. 애견 동반 가능함 2. 단점.""",https://search.pstatic.net/common/?autoRotate=true&quality=95&type=w750&src=https%3A%2F%2Fpup-review-phinf.pstatic.net%2FMjAyMjA4MThfNTIg%2FMDAxNjYwODA4NTE5Njc5.4yPRvsnRbrax1atTvN9OatP59pXn9vqENRVnn5KZQkwg.pi-DJoeyRnrGgbrs_EGdaq1jP8-70013iFn1LY9khMgg.JPEG%2Fupload_8aa921fc325a6ceab052d0105f23cd6c.jpeg
카페목천,충남,cafe,,"""감성, 커피, 디저트, 애견동반, 친절, 맛 어느하나 놓치지 않은 카페""",https://search.pstatic.net/common/?autoRotate=true&quality=95&type=w750&src=https%3A%2F%2Fpup-review-phinf.pstatic.net%2FMjAyMjA4MTVfMjcy%2FMDAxNjYwNTU1NDczMDg4.xANTZiswBF6t438fHMlY_ZnDRxHvkXzG99eRscRQfB0g.GNS8Oog7VsSd6FZpMzGK2yzz7JgBapRKEdeJI9Wydx0g.JPEG%2Fupload_266dbaf5feac071904c7f4972fe9a60c.jpg
카페무네,서울,cafe,,"""개, 고양이 동반 가능 화장실도 깨끗하고 정리정돈도 열심이다.""",https://search.pstatic.net/common/?autoRotate=true&quality=95&type=w750&src=https%3A%2F%2Fpup-review-phinf.pstatic.net%2FMjAyMjA3MDlfMTEy%2FMDAxNjU3MzUxMTc3ODk5.l_X8eKbsyOsAw2G1oJDMdoXnVZhUjjWkSys5iwbHo4cg.fON5CBr-y4i3pB6MnIszlxBz-iOXgl4pj0zpHRec7A0g.JPEG%2Fupload_4aa056b075e5c2ce3278924d250e5b26.jpg
카페무르,경기,cafe,4.44,"""애견동반으로 맛있는 커피와 멋진 경치를 구경할 수 있는 카페""",https://search.pstatic.net/common/?autoRotate=true&quality=95&type=w750&src=https%3A%2F%2Fpup-review-phinf.pstatic.net%2FMjAyMjA4MDFfMjgy%2FMDAxNjU5MzU2NTQ5NzYz.4JwCK4eWB8NIuOUoXzVL_Z_axwSAGxCErlZgWOgj85Ig.2IWAl4jfOHlSSnqL7MXeRCky6UUH9oEZXGi9BrqCoiIg.JPEG%2Fupload_0d9faf80611e02d0c660e0f41f158d32.jpg
카페벼리,울산,cafe,4.35,"""후회 하지 않음 애견 동반가능""",https://search.pstatic.net/common/?autoRotate=true&quality=95&type=w750&src=https%3A%2F%2Fpup-review-phinf.pstatic.net%2FMjAyMjA4MTdfMTI2%2FMDAxNjYwNzQ0MzQ3NjU3.mNDSRA2DOLSQjsyH813xyBDIdRIv0oh5aDGseIukGKQg.ka4FwpPWswgqxmipzXq055tLQ3Te_Gt_KhZvE_XCAN4g.JPEG%2Fupload_86fda7671994ed8a4bddcd8f45664387.jpg
카페비비,제주,cafe,,"""친절한 사장님들과 착한 시바이누들 ㅎㅎ 반려견동반해서 사진찍기도 가능해요""",https://search.pstatic.net/common/?autoRotate=true&quality=95&type=w750&src=https%3A%2F%2Fpup-review-phinf.pstatic.net%2FMjAyMjA3MjBfMjg1%2FMDAxNjU4MzIxNTQzNjEw.kOMkws0rX42RWtJ_kUMFa-QOMJL1ypRiodrLHxgrzlog.P2mZL4-KTAdYRVy4ZLHgZjsOwAFyvaUfShQ3xKVIwOcg.JPEG%2Fupload_1ba0857ed029b55e723e49f9e5d96e41.jpg
카페산청요,경남,cafe,4.41,"""영유아 산책 겸 동반 가능 굿굿.""",https://search.pstatic.net/common/?autoRotate=true&quality=95&type=w750&src=https%3A%2F%2Fpup-review-phinf.pstatic.net%2FMjAyMjA4MTVfNjUg%2FMDAxNjYwNTU2OTI2MzUz.9HNXvOnwVVIxlXvVLW15eJuJT-_l6kkJg26y0SPtFOog.7ZMjZpT4mvP-l4H9Yd_kcn-LMMP5b9rytRbwPn7mPUsg.JPEG%2Fupload_1d8477584ed30d40d0328d8b908cfc83.jpg
카페스토리,서울,cafe,,"""애견동반시 애견 운동장이 있어서 좋은데 사람이 앉을 자리는 불편함.""",
카페스토리,경기,cafe,4.68,"""애견동반가능 너무좋아요""",https://search.pstatic.net/common/?autoRotate=true&quality=95&type=w750&src=https%3A%2F%2Fpup-review-phinf.pstatic.net%2FMjAyMjA4MTBfNCAg%2FMDAxNjYwMTA4NDkxMDY2.tGn18Vsnhawtb7EBHGzr5zrMQciA0v-z18aytfsGMNQg.Y48d4B2BELiOAaJIQq9qUB5Zq5zBAMzVZkt1XHQ0Pt0g.JPEG%2Fupload_f625e58599fb8dc57612fe1f2a71319f.jpg
카페시은우,대전,cafe,4.52,"""애견동반 입장 가능하며 추운 겨울에도 야외에서 커피를 마실 수 있습니다.""",https://search.pstatic.net/common/?autoRotate=true&quality=95&type=w750&src=https%3A%2F%2Fpup-review-phinf.pstatic.net%2FMjAyMjA1MDdfMjM4%2FMDAxNjUxOTExNTIzMDg1.EK2FhpA2-faPZ5ivXDMAOSmTd16Z1A8Dn-9sZPh7yswg.aKU0Z6mbj9HQtdbll7d23aDasSfLB_lqwoHEjzya7twg.JPEG%2Fupload_1dec5e1037119bbf1fabb129f149b209.jpg
카페아띠랑,경남,cafe,4.61,"""친절하신 대표님, 예쁜 애견동반카페!""",https://search.pstatic.net/common/?autoRotate=true&quality=95&type=w750&src=https%3A%2F%2Fpup-review-phinf.pstatic.net%2FMjAyMjA2MTFfMTc2%2FMDAxNjU0OTM4OTA3NjM2.w-UVrlV3zVJkYWJYNxkiFI5p0D6Q0TNV-9pAYeyEpu0g.y9Th6xoGhqrfz22V8RZOBTlZ4DZYjLnHjuMwz4HuzuIg.JPEG%2Fupload_9fc5746b90373a8e53f93eb1b12c0232.jpg
카페아리아,전남,cafe,,"""애견 동반 가능한 분위기 좋은 카페!""",
카페아리아,전북,cafe,4.59,"""애견 동반 가능한 분위기 좋은 카페!""",https://search.pstatic.net/common/?autoRotate=true&quality=95&type=w750&src=https%3A%2F%2Fpup-review-phinf.pstatic.net%2FMjAyMjA4MDZfMjg1%2FMDAxNjU5Nzg2NzA5MTQ2.fJrVVuBEIkOI7r8RajFrSfcO942q10158Yn5gUd8e9kg.NRa0qwm6S4sKAYyBjZNLj-qiaKwoG2JsFxGN-taxQvcg.JPEG%2Fupload_936e04ead18df7257b7c31e77ba044e1.jpg
카페아리아,광주,cafe,4.69,"""애견 동반 가능한 분위기 좋은 카페!""",https://search.pstatic.net/common/?autoRotate=true&quality=95&type=w750&src=https%3A%2F%2Fpup-review-phinf.pstatic.net%2FMjAyMjA2MTRfMTQx%2FMDAxNjU1MTcyMjM2OTMy.hl2bGYE4Emy7UA9HnYOVl3KqsYtAUE5hq0Pr1XBPrx0g.RL-uJdwvXDnoOb1QHDjlIHSRMMmfQ7Vpia4eVC5uW98g.JPEG%2Fupload_4f5b4578e46b1572fcf475d21f0b66b2.jpg
카페알로라,인천,cafe,4.51,"""애견동반이 가능한 카페""",https://search.pstatic.net/common/?autoRotate=true&quality=95&type=w750&src=https%3A%2F%2Fpup-review-phinf.pstatic.net%2FMjAyMjA2MjRfMTI3%2FMDAxNjU2MDI5ODEzODE0.6VARcIqtlOyYkSrIkR3zK_jkMZln12fiig6f05WcFqIg.2cpFIFtb5cdzEBMb2WVnngQYxWJam4_JkkYC1cnCklgg.JPEG%2Fupload_d673a6e9f6d3a0cd199202d8d106db8b.jpeg
카페용담,세종,cafe,4.47,"""애견동반 카페 그리고 세종 데이트코스로 완전 강추합니다!!!""",https://search.pstatic.net/common/?autoRotate=true&quality=95&type=w750&src=https%3A%2F%2Fpup-review-phinf.pstatic.net%2FMjAyMjA3MjhfMjc4%2FMDAxNjU4OTM0MjkzMzgx.KOWa-PrVphi8WztWaCJ5n9ft_QeAQdzCSWi3ajJE16og.I1gCiFUyCvHXB31VlT7s3RL1lhhkoNfVAUHvGNZbT1Ug.JPEG%2Fupload_b063f97958185350700a1ce55dcd9c42.jpeg
카페월든,경북,cafe,,"""애견 동반이라 같이 데려갔어요.""",https://search.pstatic.net/common/?autoRotate=true&quality=95&type=w750&src=https%3A%2F%2Fpup-review-phinf.pstatic.net%2FMjAyMjA3MDJfMjQ2%2FMDAxNjU2NzY4NzkyMTM5.S5hv8NwffcqLQTGnn6JoTn0WQxCWHjewb87Nh7OYzGEg.YlGDedQF40tE6oOB4BANUzk8m9Q7w0nLy1xmT59ut-Qg.JPEG%2Fupload_550b5e06964386be10884ac62673f458.jpg
카페유주,제주,cafe,4.62,"""베이커리가 참 맛있었으며, 애견 동반카페로 알려져있습니다.""",https://search.pstatic.net/common/?autoRotate=true&quality=95&type=w750&src=https%3A%2F%2Fpup-review-phinf.pstatic.net%2FMjAyMjA3MjhfMjY0%2FMDAxNjU4OTgzMzYyNDY1.4b_4skVife2o3YXxVl7HmmIqdEKQfSKohujHtxCVaYkg.9M5I6-PCReHTOmv2LMBu1KI0fHOLhNMJ1XzvP0kwnUMg.JPEG%2Fupload_17706e07fd2de619d4b586a0ba21daf0.jpg
카페은린,울산,cafe,4.52,"""애견동반 가능한 카페네요""",https://search.pstatic.net/common/?autoRotate=true&quality=95&type=w750&src=https%3A%2F%2Fpup-review-phinf.pstatic.net%2FMjAyMjA4MTRfMjYz%2FMDAxNjYwNDU4NzgyNjI5.rLEX5yfxi-hReo1UCaBHxEpp1sP8ekY0thekdl3uFSMg.eXrepQUPRbVKRU0zZzUfSleni0wmFX28Hif1RRK9r2wg.JPEG%2Fupload_1220ed669e56f29e52009278fad55743.jpeg
카페이소,울산,cafe,4.43,"""애견동반가능하나 1층 분리된 장소와 야외만 가능합니다""",https://search.pstatic.net/common/?autoRotate=true&quality=95&type=w750&src=https%3A%2F%2Fpup-review-phinf.pstatic.net%2FMjAyMjA2MjlfMjU2%2FMDAxNjU2NDkzODU2NDYx.EYzuST41ctf0wFo1BZTCLvt4lWXrWcK77S1CwT3hv5Ug.qvNhGRV4y1-zRWG1y061M_WAfoi8inZfRiT-ta-XpYYg.JPEG%2Fupload_6f9a6e99e9f8f789769c9624c707402d.jpeg
카페작금,전남,cafe,4.37,"""정말이뻐요 애견동반이라너무좋음 앞에 뛰어놀공간도있음 주말은 힘들수도""",https://search.pstatic.net/common/?autoRotate=true&quality=95&type=w750&src=https%3A%2F%2Fpup-review-phinf.pstatic.net%2FMjAyMjA1MDlfOTYg%2FMDAxNjUyMDY5NzQzNjM3.0gonBQkbtZ8kZ-ghD7YfAkeUEDWNUfDahUS3DeiCRJ8g.3bCJf63vCGf82gYhUxtgTtzHqdI_w2OQFVzHApgSEi8g.JPEG%2Fupload_76d2568910d78446f6c9d53bfa5f2455.jpg
카페프레임,서울,cafe,4.38,"""애견동반 가능. 와플 맛있음... 가격대 좀 높은편. 공부하기 좋은 책상.""",https://search.pstatic.net/common/?autoRotate=true&quality=95&type=w750&src=https%3A%2F%2Fpup-review-phinf.pstatic.net%2FMjAyMjA4MDRfMTcg%2FMDAxNjU5NjEyMDY5MTk4.DE9FJ5rKLTRW20bYsshbr2G3eaphtptID7Xspf6asS4g.BAa7MFRTyibUki6YeSY1YeydEyj94vMS7gUfVI56H_cg.JPEG%2Fupload_c5d5be2ca07d0aaa33b1cc5bc452a68c.jpg
카페피어라,충남,cafe,,"""가족과함께 애견동반으로 태안여행을 마치고 올라오는길에 들렀습니다.""",https://search.pstatic.net/common/?autoRotate=true&quality=95&type=w750&src=https%3A%2F%2Fpup-review-phinf.pstatic.net%2FMjAyMjA4MThfNDMg%2FMDAxNjYwODA1NzM4NzAy.T8qoJg3i_64nMQyzerS-5WT5Q7rp_AaHAafDFcGSEVMg.gU1CJ4TCGBbf9R9m2tijpdbTC8X9BRx9yqtATCfG2wkg.JPEG%2Fupload_28d5416e482603b90d4e3e512f28fb74.jpeg
카페하녹,전남,cafe,4.4,"""애견동반가능 .운치있고 마음이 편해진다""",https://search.pstatic.net/common/?autoRotate=true&quality=95&type=w750&src=https%3A%2F%2Fpup-review-phinf.pstatic.net%2FMjAyMjA4MTVfMTEz%2FMDAxNjYwNTQ4MzU2NzUw.FUT-x31HDcZ7P3vulGGE5LONZFWu3EEz76kT1J9OW-Mg.vHO_ay_y5rrlcG1NTI5iDB5W0xmr59UhYN3QugjBvDkg.JPEG%2Fupload_b9aef99883ace848a821b07d6ac4f6ed.jpeg
카페호나,제주,cafe,4.71,"""제주애견동반카페인데 정원도 잘되어있고 조용하고 분위기 좋아요.""",https://search.pstatic.net/common/?autoRotate=true&quality=95&type=w750&src=https%3A%2F%2Fmyplace-phinf.pstatic.net%2F20210205_84%2F1612508725236b6GHr_JPEG%2Fupload_8dbbbafe82c69109872d21a052c3acfb.jpeg
카페홀리,인천,cafe,4.48,"""반려견 동반 되서 좋았어요~ 카페 깨끗하고 예뻐요~~추천합니다""",https://search.pstatic.net/common/?autoRotate=true&quality=95&type=w750&src=https%3A%2F%2Fpup-review-phinf.pstatic.net%2FMjAyMjA4MTVfMTY5%2FMDAxNjYwNTQ0MDc4ODcx.zkf_TgrhcDDT1gVIakumTHIYEqqYVEZ6V_Ejmyn-ydIg.BThGLbnYmUe0BshU6Y41PwlhhItQ81YXB0mMjakK920g.JPEG%2Fupload_bbea5ab30a3ca73fdddf7acd090c6e76.jpeg
커피와일드,경기,cafe,4.44,"""애견동반이 가능하고 퍼푸치노도 있어서 좋았어요.""",https://search.pstatic.net/common/?autoRotate=true&quality=95&type=w750&src=https%3A%2F%2Fpup-review-phinf.pstatic.net%2FMjAyMjA3MjBfMTk5%2FMDAxNjU4MzA1MjM4NTIy.sVtHgFA29Bxr0n7JuhuFJWlxs2kOsdR0J2A-VRPgeFQg.M61Qr-_HnbmtxPYE3s6zRe4oslE_0rwbc-M3sqazP0wg.JPEG%2Fupload_807eff49ca9348096d385e80a1596c47.jpeg
컨사이스,대전,cafe,4.69,"""게다가 애견동반도 가능하다""",https://search.pstatic.net/common/?autoRotate=true&quality=95&type=w750&src=https%3A%2F%2Fpup-review-phinf.pstatic.net%2FMjAyMjA4MDRfMTM3%2FMDAxNjU5NTY2NDg3NDc1.ENk7QJCaCW84Ra-P0WH4LbBdxdoWq3A66ro-5ifOtTUg.tU0A9BsvCmeHsaOoptKRt0_R_6Z1nuzz3AK0AxktEV4g.JPEG%2Fupload_4e1e88c17f76daf581ad10ec864c118d.jpg
코랄커피,충남,cafe,4.37,"""야외카페는 애견동반도 가능하고 분위기 괜찮네요.""",https://search.pstatic.net/common/?autoRotate=true&quality=95&type=w750&src=https%3A%2F%2Fpup-review-phinf.pstatic.net%2FMjAyMjA4MThfMjAg%2FMDAxNjYwODMxMjQzMDE0.Yf1vOUTUXx8bYh73MiDbGPV_LRsZZJhSrJktfpOGf-Ig.EHCAs1LJbdwFja72OftJvk1plfVghqBMMm_nqeHYZCAg.JPEG%2Fupload_ea6739a4e4b9503071504711226bc2bf.jpeg
태시트 TACIT,강원,cafe,4.44,"""고성 바닷가 앞 분위기 좋은 아담한 애견 동반이 가능한 카페!""",https://search.pstatic.net/common/?autoRotate=true&quality=95&type=w750&src=https%3A%2F%2Fpup-review-phinf.pstatic.net%2FMjAyMjA4MTdfMjYg%2FMDAxNjYwNzMxNjgwMDQ5.wyEngjjLrYy5d73lAf3bg87tl-FvzhkorcvrKkI82lEg.oVYOdIufYgVg94HWmRt7h0lKD9k33bcbyCfqLgowSwgg.JPEG%2Fupload_7bff34652a29b447bc2ead7309e1d6a7.jpg
텐빌리언,대구,cafe,,"""애견동반 한옥카페라 특이하고 좋았어요!수풀레도 넘 맛났구요~~""",https://search.pstatic.net/common/?autoRotate=true&quality=95&type=w750&src=https%3A%2F%2Fpup-review-phinf.pstatic.net%2FMjAyMjA4MDZfMTEy%2FMDAxNjU5NzY0NTk5MTU0.KmGVCRxjzeWG_SShR8E8yrXGCAsmOLZiC47TfWV-_Iog.0Y6Rv3rpQaTHch7YzClFiPei58jeMuzTlh9ne_ToWmUg.JPEG%2Fupload_bc80a5de6b6a28be8687d136b0e1b5cb.jpeg
트레블브레이크커피,충남,cafe,4.46,"""애견동반카페라서 너무너무 좋음!""",https://search.pstatic.net/common/?autoRotate=true&quality=95&type=w750&src=https%3A%2F%2Fpup-review-phinf.pstatic.net%2FMjAyMjA2MjZfOTUg%2FMDAxNjU2MjIyODYxODQ0.RwZnSsy7PyO-cADLWyXQBCMUEZuzP_1VvBjMKcREmlIg.VgPJzGMThJs745KJjZnQR16SCSD2AHo93pslzQymL-wg.JPEG%2Fupload_d1bd2b46f7af87cebf888110fd1f678b.jpg
트리팜,대구,cafe,4.39,"""애견동반가능 카페로 야외에 좌석이 여러군데 있고 아기자기 좋습니다.""",https://search.pstatic.net/common/?autoRotate=true&quality=95&type=w750&src=https%3A%2F%2Fpup-review-phinf.pstatic.net%2FMjAyMjA1MTRfMTIg%2FMDAxNjUyNTMyNjMyOTcy.MMdgJQfpzE9VmHwkBfDDSBfqQD74VTZqE55iNabTjUcg.oTWlW5m3jC382rnj2PAzy3m2vrOQPGLlF8iZsJjrPJgg.JPEG%2Fupload_f4336de98c9bb9a4722d89db68a18b23.jpg
파인트리팜,경북,cafe,,"""애견동반가능 카페로 야외에 좌석이 여러군데 있고 아기자기 좋습니다.""",https://search.pstatic.net/common/?autoRotate=true&quality=95&type=w750&src=https%3A%2F%2Fpup-review-phinf.pstatic.net%2FMjAyMjA3MTRfMTUx%2FMDAxNjU3NzkwNzc4NzAy.l31Y3B6PDjinHm6emGukAA8PVJBMVaN4ocKmDsvc-m0g.GOHkqaR5u2pP3843CF-VXohTi3KCcKG8rXP__v8Ng3Mg.JPEG%2Fupload_6d6ba3c10b0d025e745d0a89d076adcf.jpeg
팔랑개비,전북,cafe,4.55,"""애견동반 가능한 카페라 우리강아지도 함께 방문했습니다.""",https://search.pstatic.net/common/?autoRotate=true&quality=95&type=w750&src=https%3A%2F%2Fpup-review-phinf.pstatic.net%2FMjAyMjA1MThfNTgg%2FMDAxNjUyODYzMzA4NDY2.VVK7ZXlpDorqs5IENlp3Ra3ZACdm_1IW0GB3EeuSeKEg.bIeaiE-3R7QxNWyECheqiAYLfM5G7SXYZHfsd1FLT9cg.JPEG%2Fupload_510bd0d5cacb8f1b080525947d3de214.jpeg
퍼피커피,서울,cafe,4.72,"""퍼피커피는 구로구민회관 뒷편에 있는 애견동반카페입니다.""",https://search.pstatic.net/common/?autoRotate=true&quality=95&type=w750&src=https%3A%2F%2Fpup-review-phinf.pstatic.net%2FMjAyMjA4MTdfMTgg%2FMDAxNjYwNzEzMTY2NDI1.vTvOh4Szk4E-4HotOd5g0kFvxlLn52ys9hcQE669AHsg.Ah7RxH1Qn6Jcd3njVkdy7CAdD0UyREdc29PJoyeqJL8g.JPEG%2Fupload_8e4d32bfa6f13410d21581e6fed0769e.jpg
페리토,경남,cafe,4.57,"""카페 분위기가 좋네요 3층 애견 동반 카페자리도 되게 좋았습니다!""",https://search.pstatic.net/common/?autoRotate=true&quality=95&type=w750&src=https%3A%2F%2Fpup-review-phinf.pstatic.net%2FMjAyMjA2MDFfMTk4%2FMDAxNjU0MDg4MTgwNTEx.tS8p9TL1rBR_-G4Eu-TRO8tuZsR9EsWMVHy15tzhSpog.64luy0lE6anq_eIYu7O3_bTX9vNmivCZJaoWVg4i2H4g.JPEG%2Fupload_df6a0c3672b7764615532197be311ff3.jpeg
페이지38,경북,cafe,4.68,"""분위기좋네요 애견동반카페네요""",https://search.pstatic.net/common/?autoRotate=true&quality=95&type=w750&src=https%3A%2F%2Fpup-review-phinf.pstatic.net%2FMjAyMjA4MDdfMjY4%2FMDAxNjU5ODU0NjE2NjM0.1FS0AwMlL-BLAJ5ZpXrrbOj3HnOcOsLzR_1Ebhb-wlIg.VFEImBBRYwN4u9wFeK3IrMJYmRyjycH-IsWqetOOdz0g.JPEG%2Fupload_d674bf067c4a1157ff10ebd59823d9d0.jpeg
페이지38,경북,cafe,4.68,"""애견동반카페라 좋았어요.""",https://search.pstatic.net/common/?autoRotate=true&quality=95&type=w750&src=https%3A%2F%2Fpup-review-phinf.pstatic.net%2FMjAyMjA4MDdfMjY4%2FMDAxNjU5ODU0NjE2NjM0.1FS0AwMlL-BLAJ5ZpXrrbOj3HnOcOsLzR_1Ebhb-wlIg.VFEImBBRYwN4u9wFeK3IrMJYmRyjycH-IsWqetOOdz0g.JPEG%2Fupload_d674bf067c4a1157ff10ebd59823d9d0.jpeg
포니테일,서울,cafe,4.58,"""바닐라 라떼가 맛있는 애견동반 카페 겸 애견용품 판매점입니다.""",https://search.pstatic.net/common/?autoRotate=true&quality=95&type=w750&src=https%3A%2F%2Fnaverbooking-phinf.pstatic.net%2F20220715_36%2F1657874115237NkHSd_JPEG%2Fimage.jpg
포즈카페,경북,cafe,4.85,"""아 여기는 유치원 개조한 곳인데 애견동반으로도 좋쿤요""",https://search.pstatic.net/common/?autoRotate=true&quality=95&type=w750&src=https%3A%2F%2Fpup-review-phinf.pstatic.net%2FMjAyMjA3MDFfMTcz%2FMDAxNjU2NjQxNzQzMzE3.j7pRrbaMBkCAbjHiLHQEsS8s_COPmsxdyzXoGNiDANog.6Bvd5JrtMk9onNGbZDDnCaRRkfLQOg_2vK-HC5X08Vgg.JPEG%2Fupload_24b9855630ace9e81dff11c0897ce1ef.jpeg
풍세커피,충남,cafe,4.33,"""음료가 다소 비싸게 느껴지긴 하는데, 반려견과 동반도 가능해 더욱 좋습니다.""",https://search.pstatic.net/common/?autoRotate=true&quality=95&type=w750&src=https%3A%2F%2Fpup-review-phinf.pstatic.net%2FMjAyMjA4MDRfMjIy%2FMDAxNjU5NjA2Njc3NTY0.EA_kYNhmXxSRerGCsqqbr6GSecIt4q91cUbMow7Mxhcg.CrVCkd7Z9gudYHjoNiJxQ5SY3sKzmwTp2QECmr-oTUIg.JPEG%2Fupload_cdcf680d1f8b18e8ae6ec98506637b79.jpg
풍차,대전,cafe,4.41,"""식장산 밑에 위치한 곳인데 애견동반 하시는분들께 추천합니다.""",https://search.pstatic.net/common/?autoRotate=true&quality=95&type=w750&src=https%3A%2F%2Fmyplace-phinf.pstatic.net%2F20211011_127%2F1633944968210um2VD_JPEG%2Fupload_9334e94d23f10bc0c67f09f2a023227a.jpg
프로다카페,경북,cafe,4.46,"""애견동반 가능해서인지 멍멍이들 데리고 많이 오시더라구요.""",https://search.pstatic.net/common/?autoRotate=true&quality=95&type=w750&src=https%3A%2F%2Fpup-review-phinf.pstatic.net%2FMjAyMjA1MDVfMjgy%2FMDAxNjUxNzQ3ODQ1NjAx.rFeGbUhstotu8fLfXgT2EwUXFZi4y0vXSZVsEtwdclwg.hmfMy0KfyvI25ZhlpHo44YOmT5Wpo09ZaX7mJAYuPKQg.JPEG%2Fupload_85214cdb8346427be5989e795629c0db.jpg
프리어,광주,cafe,4.39,"""손님도 많은데 애견동반 가능하게 해주신 사장님 흥하세요!""",https://search.pstatic.net/common/?autoRotate=true&quality=95&type=w750&src=https%3A%2F%2Fpup-review-phinf.pstatic.net%2FMjAyMjA4MDlfMjcg%2FMDAxNjU5OTcxMTMxNjQ2.LBdYjeZnGARkyhcvR5QDG1B14KrAgcVJ7P1rekmKfRYg.YACdHcfXt-foNpZfmNQEmbxy4un5x3I7iwHoRnOtIOwg.JPEG%2Fupload_82cc2d1e164d785b67e46c9b0e193426.jpg
플레이스엉물,제주,cafe,4.63,"""애견 동반까지 가능하고 분위기도 너무 좋아요""",https://search.pstatic.net/common/?autoRotate=true&quality=95&type=w750&src=https%3A%2F%2Fpup-review-phinf.pstatic.net%2FMjAyMjA2MDVfMTc5%2FMDAxNjU0NDE0OTc4OTU3._KumXo-0RTmNKoPqJ4E0AUKzuJKPUmFH1jkdBu-N29Ig.2tRqZfRaDa1yLdVmooqZT2pOjMXCxFXrReubgSEGuYEg.JPEG%2Fupload_ad4c25a32747e19c0cc149e339381143.jpg
피노카페,충남,cafe,4.35,"""반려견 동반 가능이라해서 기대하고 갔으나 실외에서만 가능.""",https://search.pstatic.net/common/?autoRotate=true&quality=95&type=w750&src=https%3A%2F%2Fpup-review-phinf.pstatic.net%2FMjAyMjA4MDJfMjkw%2FMDAxNjU5NDEwOTEwNTg1.fBNL0lB6pvw2449ftXUzi6sHA3uyCSxHSlNsmDt6LHYg.eJsORisYPzbCTwApl4Ng6O3f7wMwOnfaBHRPFXb-EUQg.JPEG%2Fupload_35f32517453a627abaed5644ff52ffe3.jpeg
피플스커피,대구,cafe,4.5,"""사람이 많이 없을땐 애견동반(목줄착용)도 가능하다고 사장님이 얘기하네요.""",https://search.pstatic.net/common/?autoRotate=true&quality=95&type=w750&src=https%3A%2F%2Fpup-review-phinf.pstatic.net%2FMjAyMjA3MjFfMjI3%2FMDAxNjU4NDEzNDYwNTk0.keQPQV5EmQoN1WpBCdXbyAFzDszdCjo5bV7QNRN_Af4g.JEEcLPJD4kIs9L6v9LHl6IPb8mwwLqgPMpzX3HG1fa8g.JPEG%2Fupload_48f8f70949d0e360b6d6d9cf88cf6f8c.jpeg
헤이더그린,서울,cafe,4.16,"""강아지 동반가능카페 넓고 주중엔 여유로움""",https://search.pstatic.net/common/?autoRotate=true&quality=95&type=w750&src=https%3A%2F%2Fpup-review-phinf.pstatic.net%2FMjAyMjA4MTVfMjYz%2FMDAxNjYwNTQ2MDcxOTI2.Vqhyi6-B103WJUDhrMrABetS-2jZxJAQuqZNjuYIxcEg.WmuZt-xlk3ahZBBKgrtZC4TaXagU4lmtk8NHBm9myh8g.JPEG%2Fupload_1f334357c77fc6b07ed34687003872b1.jpg
헬로우씨카페,강원,cafe,4.53,"""애견동반 가능한 카페예요""",https://search.pstatic.net/common/?autoRotate=true&quality=95&type=w750&src=https%3A%2F%2Fpup-review-phinf.pstatic.net%2FMjAyMjA4MDJfMjEy%2FMDAxNjU5NDIwNTk3NzA4.fF527SLqWumpSNoJcK23-T9r5oqIdsSNJCNmJkjZq8gg.aIELmrAwBRxuVEabJNOWNz10R-gblG-1cqbtPlEN5aUg.JPEG%2Fupload_af804ee57ffb1e991a3cdcfd28984e59.jpeg
홍담,충남,cafe,4.6,"""넘 좋아여 애견동반도 되요 넘 좋아요""",https://search.pstatic.net/common/?autoRotate=true&quality=95&type=w750&src=https%3A%2F%2Fmyplace-phinf.pstatic.net%2F20220423_254%2F1650698381812b7GIg_JPEG%2Fupload_74ae6aa656e30f46ca960d3f54f2c605.jpeg
희소식,인천,cafe,4.55,"""애견동반 방문하기 좋음.""",https://search.pstatic.net/common/?autoRotate=true&quality=95&type=w750&src=https%3A%2F%2Fpup-review-phinf.pstatic.net%2FMjAyMjA3MjlfMjUy%2FMDAxNjU5MTAxMDAwMTE2.1FA-cYyHJw7PILsZGqIrelKfio-Zf_5s0WERwUCl2vMg.hJaWOBcDzVSbArohNx1LrSP0l57fhXGiNuyFM5sIyDgg.JPEG%2Fupload_44850cf8af94b16f64cab321de33bb41.jpg
히든블루,울산,cafe,4.62,"""힐링하기 너무좋아요 애견은 목줄하고 동반됩니다 직원분들도 친절해요""",https://search.pstatic.net/common/?autoRotate=true&quality=95&type=w750&src=https%3A%2F%2Fpup-review-phinf.pstatic.net%2FMjAyMjA4MTBfMTc0%2FMDAxNjYwMTE5MTUzNDU1.2gG7B5WSzur1jljPiGC8wpBEI7Mk0yuSGjMcsSRPK5Ug.kLtlxoBjcwzTce1ja-bUdti2Tf8TFzZpTwrDMuT8sdog.JPEG%2Fupload_f7f605edab5c05da82a2107ae16f21e7.jpeg
